Year,RESI,SZSE
2010-11-01,1520.756,1341.84
2010-11-02,1529.547,1333.29
2010-11-03,1526.486,1309.41
2010-11-04,1529.966,1335.66
2010-11-05,1544.587,1352.12
2010-11-08,1578.212,1376.29
2010-11-09,1546.515,1380.59
2010-11-10,1508.108,1389.54
2010-11-11,1508.854,1381.49
2010-11-12,1413.945,1296.95
2010-11-15,1422.956,1327.99
2010-11-16,1363.592,1281.7
2010-11-17,1350.85,1238.97
2010-11-18,1365.537,1260.59
2010-11-19,1373.468,1297.48
2010-11-22,1376.095,1313.57
2010-11-23,1348.985,1300.63
2010-11-24,1368.354,1333.74
2010-11-25,1411.532,1337.94
2010-11-26,1383.726,1332.9
2010-11-29,1377.539,1339.31
2010-11-30,1360.474,1307.83
2010-12-01,1365.325,1304.39
2010-12-02,1372.381,1310.7
2010-12-03,1389.94,1302.26
2010-12-06,1390.772,1287.37
2010-12-07,1413.565,1309.44
2010-12-08,1392.883,1305.25
2010-12-09,1352.644,1280.82
2010-12-10,1353.233,1298.25
2010-12-13,1389.446,1338.43
2010-12-14,1404.768,1350.75
2010-12-15,1397.628,1345.18
2010-12-16,1411.66,1346.83
2010-12-17,1403.185,1348.56
2010-12-20,1382.762,1331.75
2010-12-21,1475.877,1349.14
2010-12-22,1453.297,1338.2
2010-12-23,1438.327,1315.72
2010-12-24,1464.87,1292.02
2010-12-27,1417.937,1260.53
2010-12-28,1357.571,1237.15
2010-12-29,1370.754,1255.66
2010-12-30,1355.227,1261.11
2010-12-31,1376.971,1290.87
2011-01-04,1301.236,1311.33
2011-01-05,1012.051,1310.14
2011-01-06,987.2282,1301.79
2011-01-07,986.3092,1292.06
2011-01-10,1020.512,1258.86
2011-01-11,1048.756,1251.68
2011-01-12,1044.119,1257.17
2011-01-13,1053.366,1257.32
2011-01-14,1027.357,1232.73
2011-01-17,1005.601,1180.39
2011-01-18,1048.866,1183.48
2011-01-19,1029.782,1211.64
2011-01-20,1049.363,1170.47
2011-01-21,1065.32,1178.16
2011-01-24,1042.868,1150.04
2011-01-25,1048.216,1136.58
2011-01-26,1037.517,1154.42
2011-01-27,1057.149,1174.67
2011-01-28,1070.289,1185.68
2011-01-31,1063.215,1197.67
2011-02-01,1037.295,1198.19
2011-02-09,1063.064,1186.22
2011-02-10,1085.891,1220.58
2011-02-11,1111.629,1234.18
2011-02-14,1092.883,1262.11
2011-02-15,1106.044,1261.6
2011-02-16,1118.809,1283.26
2011-02-17,1114.814,1286.73
2011-02-18,1113.924,1273.42
2011-02-21,1129.582,1297.66
2011-02-22,1150.459,1262.82
2011-02-23,1186.075,1273.92
2011-02-24,1196.694,1279.64
2011-02-25,1258.321,1280.3
2011-02-28,1266.703,1295.81
2011-03-01,1257.03,1298.87
2011-03-02,1223.58,1292.99
2011-03-03,1229.13,1272
2011-03-04,1280.945,1286.22
2011-03-07,1269.109,1303.48
2011-03-08,1260.355,1307.71
2011-03-09,1248.228,1311.34
2011-03-10,1267.116,1302.65
2011-03-11,1274.888,1299.69
2011-03-14,1258.275,1310.99
2011-03-15,1274.467,1293.61
2011-03-16,1214.28,1307.96
2011-03-17,1175.54,1284.96
2011-03-18,1189.68,1292.93
2011-03-21,1195.447,1285.69
2011-03-22,1192.647,1284.84
2011-03-23,1191.027,1299.99
2011-03-24,1204.772,1299.53
2011-03-25,1178.769,1308.18
2011-03-28,1171.628,1299.5
2011-03-29,1168.429,1275.28
2011-03-30,1147.801,1264.59
2011-03-31,1163.203,1253.68
2011-04-01,1175.05,1266.55
2011-04-06,1201.128,1262.46
2011-04-07,1207.602,1271.32
2011-04-08,1189.401,1285.99
2011-04-11,1211.794,1275.52
2011-04-12,1232.734,1272.21
2011-04-13,1260.861,1286.71
2011-04-14,1264.323,1283.24
2011-04-15,1270.161,1281.5
2011-04-18,1235.493,1281.99
2011-04-19,1269.151,1269.32
2011-04-20,1261.712,1274.25
2011-04-21,1273.887,1282.24
2011-04-22,1264.373,1274.73
2011-04-25,1274.286,1249.58
2011-04-26,1323.361,1232.8
2011-04-27,1320.159,1217.75
2011-04-28,1310.811,1183.7
2011-04-29,1328.855,1200.62
2011-05-03,1318.863,1214.12
2011-05-04,1323.049,1187.28
2011-05-05,1319.464,1190.8
2011-05-06,1318.416,1195.31
2011-05-09,1294.817,1203.07
2011-05-10,1291.83,1210.23
2011-05-11,1282.271,1212.27
2011-05-12,1292.178,1194.88
2011-05-13,1292.817,1201.37
2011-05-16,1262.049,1198.72
2011-05-17,1276.811,1197.04
2011-05-18,1253.755,1202.7
2011-05-19,1256.464,1197.31
2011-05-20,1294.296,1192.66
2011-05-23,1309.396,1149.39
2011-05-24,1291.765,1150.91
2011-05-25,1286.859,1134.19
2011-05-26,1318.052,1123.15
2011-05-27,1334.229,1101.11
2011-05-30,1347.768,1090.5
2011-05-31,1341.221,1111.9
2011-06-01,1337.476,1122.29
2011-06-02,1297.511,1105.95
2011-06-03,1297.59,1124.32
2011-06-07,1286.698,1132.69
2011-06-08,1294.352,1136.53
2011-06-09,1296.557,1113.02
2011-06-10,1330.646,1113.32
2011-06-13,1342.378,1110.89
2011-06-14,1353.477,1128.42
2011-06-15,1338.715,1118.17
2011-06-16,1317.894,1097.17
2011-06-17,1326.949,1085.11
2011-06-20,1302.646,1073.19
2011-06-21,1297.568,1088.77
2011-06-22,1301.457,1088.35
2011-06-23,1262.977,1111.18
2011-06-24,1270.853,1136.39
2011-06-27,1267.989,1148.63
2011-06-28,1251.571,1152
2011-06-29,1260.506,1139.86
2011-06-30,1272.308,1155.89
2011-07-01,1290.085,1162.07
2011-07-04,1285.04,1188.91
2011-07-05,1283.676,1195.83
2011-07-06,1325.289,1200.58
2011-07-07,1295.396,1202.32
2011-07-08,1272.725,1201.5
2011-07-11,1264.621,1210.34
2011-07-12,1294.039,1192.49
2011-07-13,1292.153,1214.83
2011-07-14,1252.945,1223.73
2011-07-15,1270.503,1232.84
2011-07-18,1242.783,1232.54
2011-07-19,1246.518,1217.03
2011-07-20,1231.558,1219.46
2011-07-21,1217.155,1206.08
2011-07-22,1234.785,1211.15
2011-07-25,1212.167,1165.7
2011-07-26,1192.378,1171.27
2011-07-27,1193.328,1190.83
2011-07-28,1181.95,1189.13
2011-07-29,1187.754,1178.7
2011-08-01,1200.297,1183.98
2011-08-02,1141.922,1179.99
2011-08-03,1151.44,1185.17
2011-08-04,1170.112,1187.9
2011-08-05,1185.428,1164.95
2011-08-08,1192.666,1113.37
2011-08-09,1207.162,1111.4
2011-08-10,1192.062,1127.03
2011-08-11,1151.963,1147.17
2011-08-12,1163.968,1158.96
2011-08-15,1158.649,1175.41
2011-08-16,1158.755,1166.84
2011-08-17,1156.503,1163.87
2011-08-18,1146.264,1142.91
2011-08-19,1143.741,1133.84
2011-08-22,1123.384,1124.17
2011-08-23,1128.627,1144.05
2011-08-24,1116.337,1144.74
2011-08-25,1104.099,1166.79
2011-08-26,1096.744,1169.95
2011-08-29,1092.959,1159.52
2011-08-30,1085.747,1148.29
2011-08-31,1091.929,1143.34
2011-09-01,1119.74,1136.75
2011-09-02,1105.806,1124.44
2011-09-05,1116.213,1097.07
2011-09-06,1122.607,1085.35
2011-09-07,1161.704,1111.23
2011-09-08,1164.142,1100.53
2011-09-09,1149.969,1094.03
2011-09-13,1154.734,1077.13
2011-09-14,1144.856,1087.5
2011-09-15,1144.5,1089.83
2011-09-16,1102.51,1089.99
2011-09-19,1099.908,1067.48
2011-09-20,1104.192,1071.6
2011-09-21,1079.63,1102.29
2011-09-22,1079.512,1070.78
2011-09-23,1087.335,1060.67
2011-09-26,1087.545,1043.47
2011-09-27,1068.791,1047.68
2011-09-28,1099.744,1032.18
2011-09-29,1129.097,1006.11
2011-09-30,1109.342,1004.52
2011-10-10,1134.451,997.84
2011-10-11,1141.777,992.31
2011-10-12,1129.086,1027.06
2011-10-13,1132.398,1039.89
2011-10-14,1125.644,1035.62
2011-10-17,1127.475,1040.81
2011-10-18,1121.752,1010.46
2011-10-19,1164.76,1004.2
2011-10-20,1168.093,974.86
2011-10-21,1182.267,959.12
2011-10-24,1176.041,977.03
2011-10-25,1171.703,1002.9
2011-10-26,1156.74,1012.7
2011-10-27,1142.328,1013.19
2011-10-28,1146.643,1035.88
2011-10-31,1162.417,1040.93
2011-11-01,1167.38,1041.51
2011-11-02,1214.023,1060.17
2011-11-03,1242.792,1064.62
2011-11-04,1234.718,1071.34
2011-11-07,1222.693,1065.31
2011-11-08,1208.095,1054.74
2011-11-09,1192.85,1071.04
2011-11-10,1191.41,1058.72
2011-11-11,1218.736,1056.94
2011-11-14,1176.669,1083.04
2011-11-15,1170.649,1086.94
2011-11-16,1158.412,1059.24
2011-11-17,1160.814,1060.55
2011-11-18,1161.316,1031.54
2011-11-21,1164.523,1031.5
2011-11-22,1188.527,1031.17
2011-11-23,1177.482,1027.14
2011-11-24,1185.844,1026.97
2011-11-25,1179.126,1019.69
2011-11-28,1155.881,1020.52
2011-11-29,1127.799,1035.55
2011-11-30,1132.836,994.02
2011-12-01,1177.436,1014.19
2011-12-02,1175.183,994.54
2011-12-05,1191.716,964.56
2011-12-06,1225.862,966.46
2011-12-07,1235.247,969.68
2011-12-08,1243.277,970.95
2011-12-09,1256.705,961.81
2011-12-12,1251.721,949.77
2011-12-13,1249.865,921.32
2011-12-14,1256.729,906.46
2011-12-15,1307.308,886.01
2011-12-16,1299.646,910.35
2011-12-19,1272.713,912.85
2011-12-20,1282.737,909.02
2011-12-21,1298.944,888.16
2011-12-22,1285.622,879.37
2011-12-23,1299.949,885.3
2011-12-26,1356.948,876.9
2011-12-27,1381.666,853.97
2011-12-28,1375.206,849.76
2011-12-29,1402.076,850.94
2011-12-30,1431.188,866.65
2012-01-04,1442.601,843.72
2012-01-05,1431.933,813.99
2012-01-06,1430.318,817.78
2012-01-09,1423.654,848.21
2012-01-10,1438.626,880.86
2012-01-11,1400.085,880.71
2012-01-12,1441.513,876.81
2012-01-13,1444.662,845.93
2012-01-16,1422.51,818.18
2012-01-17,1420.691,860.25
2012-01-18,1464.714,837.4
2012-01-19,1494.668,847.68
2012-01-20,1497.901,861.15
2012-01-30,1502.108,855.09
2012-01-31,1483.823,855.2
2012-02-01,1458.376,849.59
2012-02-02,1510.22,865.72
2012-02-03,1521.396,878.29
2012-02-06,1550.713,885.16
2012-02-07,1492.13,869.87
2012-02-08,1491.871,893.82
2012-02-09,1475.676,898.89
2012-02-10,1523.919,903.64
2012-02-13,1502.168,912.31
2012-02-14,1488.793,912.31
2012-02-15,1499.343,925.99
2012-02-16,1485.491,923.4
2012-02-17,1429.569,921.02
2012-02-20,1452.958,923.32
2012-02-21,1426.972,933.97
2012-02-22,1428.495,954.23
2012-02-23,1417.207,958.8
2012-02-24,1394.22,972.62
2012-02-27,1435.107,975.62
2012-02-28,1487.865,969.51
2012-02-29,1488.18,956.99
2012-03-01,1352.66,960.75
2012-03-02,1360.112,980.77
2012-03-05,1373.63,981.2
2012-03-06,1380.263,971.8
2012-03-07,1360.133,967.05
2012-03-08,1372.786,980.02
2012-03-09,1369.843,995.87
2012-03-12,1343.805,999.63
2012-03-13,1337.544,1010.46
2012-03-14,1312.626,969.12
2012-03-15,1321.254,960.96
2012-03-16,1354.902,982.85
2012-03-19,1386.649,993.75
2012-03-20,1373.928,972.03
2012-03-21,1377.705,971.93
2012-03-22,1387.967,969.98
2012-03-23,1383.024,952.81
2012-03-26,1391.664,952.76
2012-03-27,1351.403,948.1
2012-03-28,1339.332,909.58
2012-03-29,1367.269,895.07
2012-03-30,1389.315,891.84
2012-04-05,1376.989,919.42
2012-04-06,1359.484,925.53
2012-04-09,1375.774,915.77
2012-04-10,1381.121,924.28
2012-04-11,1378.666,927.37
2012-04-12,1369.864,945.33
2012-04-13,1374.711,950.91
2012-04-16,1424.763,949.23
2012-04-17,1425.035,936.74
2012-04-18,1427.373,956.49
2012-04-19,1449.567,954.27
2012-04-20,1426.746,961.77
2012-04-23,1380.586,944.87
2012-04-24,1390.415,936.51
2012-04-25,1356.067,944.65
2012-04-26,1354.754,943.03
2012-04-27,1377.213,940.35
2012-05-02,1394.164,956.23
2012-05-03,1396.638,961.99
2012-05-04,1413.886,972.3
2012-05-07,1423.716,981.49
2012-05-08,1404.322,980.26
2012-05-09,1419.111,963.18
2012-05-10,1408.286,966.66
2012-05-11,1386.49,960.53
2012-05-14,1388.576,956.19
2012-05-15,1445.666,955.4
2012-05-16,1493.348,942.04
2012-05-17,1484.506,954.95
2012-05-18,1498.912,940.91
2012-05-21,1513.347,941.67
2012-05-22,1499.576,955.7
2012-05-23,1498.294,954.83
2012-05-24,1491.229,945.95
2012-05-25,1552.228,935.05
2012-05-28,1552.809,948.42
2012-05-29,1549.673,962.85
2012-05-30,1517.46,964.26
2012-05-31,1524.102,967.59
2012-06-01,1505.743,966.79
2012-06-04,1507.726,939.33
2012-06-05,1472.149,937.39
2012-06-06,1437.263,935.51
2012-06-07,1376.261,931.83
2012-06-08,1386.857,928.86
2012-06-11,1359.709,945.62
2012-06-12,1375.903,942.18
2012-06-13,1358.223,959.11
2012-06-14,1322.629,954.07
2012-06-15,1317.622,954.31
2012-06-18,1212.264,964.71
2012-06-19,1190.3,958
2012-06-20,1203.661,956.23
2012-06-21,1213.144,943.06
2012-06-25,1275.592,919.4
2012-06-26,1279.155,918.24
2012-06-27,1272.518,918.38
2012-06-28,1243.624,909.28
2012-06-29,1280.052,921.4
2012-07-02,1316.061,932.54
2012-07-03,1287.558,936.25
2012-07-04,1266.098,931.65
2012-07-05,1331.584,914.31
2012-07-06,1385.581,934.85
2012-07-09,1354.452,914.21
2012-07-10,1362.883,905.75
2012-07-11,1361.713,913.46
2012-07-12,1362.141,928.21
2012-07-13,1336.943,922.62
2012-07-16,1273.594,889.1
2012-07-17,1267.86,893.51
2012-07-18,1312.847,896.18
2012-07-19,1287.582,903.25
2012-07-20,1281.275,895.62
2012-07-23,1273.002,886.47
2012-07-24,1237.566,893.61
2012-07-25,1252.416,887.54
2012-07-26,1280.434,880.76
2012-07-27,1307.1,876.25
2012-07-30,1332.025,861.82
2012-07-31,1339.763,849.96
2012-08-01,1337.281,862.7
2012-08-02,1350.646,855.28
2012-08-03,1341.617,871.81
2012-08-06,1346.113,891.3
2012-08-07,1381.033,898.48
2012-08-08,1391.254,895.94
2012-08-09,1386.334,909.69
2012-08-10,1368.494,906.32
2012-08-13,1359.911,887.65
2012-08-14,1367.98,893.8
2012-08-15,1347.46,886.98
2012-08-16,1340.353,879.94
2012-08-17,1339.304,876.93
2012-08-20,1335.057,879.25
2012-08-21,1356.334,891.31
2012-08-22,1360.479,884.73
2012-08-23,1346.865,889.26
2012-08-24,1356.038,871.36
2012-08-27,1358.996,852.34
2012-08-28,1340.581,856.09
2012-08-29,1378.973,851.14
2012-08-30,1369.978,835.95
2012-08-31,1368.673,838.53
2012-09-03,1367.796,854.76
2012-09-04,1405.004,846.88
2012-09-05,1419.872,850.98
2012-09-06,1427.063,859.3
2012-09-07,1427.208,891.53
2012-09-10,1423.634,899.72
2012-09-11,1405.324,896.57
2012-09-12,1359.395,901.29
2012-09-13,1365.515,888.49
2012-09-14,1375.955,889.72
2012-09-17,1352.038,864.19
2012-09-18,1338.208,859.44
2012-09-19,1308.753,865.73
2012-09-20,1304.635,840.21
2012-09-21,1314.245,834.15
2012-09-24,1360.066,840.59
2012-09-25,1353.6,835.51
2012-09-26,1358.555,816.79
2012-09-27,1366.337,837.96
2012-09-28,1349.388,853.83
2012-10-08,1354.694,849.3
2012-10-09,1323.21,871.92
2012-10-10,1323.881,880.37
2012-10-11,1329.94,867.21
2012-10-12,1337.528,865.62
2012-10-15,1329.622,859.47
2012-10-16,1320.844,862.14
2012-10-17,1306.063,863.71
2012-10-18,1294.078,878.64
2012-10-19,1278.939,877.29
2012-10-22,1264.524,882.03
2012-10-23,1287.686,869.96
2012-10-24,1306.941,866.45
2012-10-25,1317.053,858.04
2012-10-26,1308.745,840.52
2012-10-29,1316.373,839.45
2012-10-30,1296.426,840.93
2012-10-31,1290.319,844.8
2012-11-01,1277.199,860.45
2012-11-02,1258.824,862.78
2012-11-05,1269.708,858.6
2012-11-06,1253.941,853.33
2012-11-07,1250.418,851.64
2012-11-08,1277.239,831.71
2012-11-09,1313.319,828.46
2012-11-12,1312.886,832.38
2012-11-13,1319.408,816.15
2012-11-14,1300.968,818.6
2012-11-15,1287.456,805.91
2012-11-16,1284.192,800.2
2012-11-19,1271.946,800.84
2012-11-20,1274.416,799.35
2012-11-21,1289.782,808
2012-11-22,1290.742,798.55
2012-11-23,1244.245,800.95
2012-11-26,1262.491,789.49
2012-11-27,1282.141,765.52
2012-11-28,1280.253,750.97
2012-11-29,1274.624,743.43
2012-11-30,1271.88,752.84
2012-12-03,1279.429,734.28
2012-12-04,1266.441,743.62
2012-12-05,1267.581,771.72
2012-12-06,1270.738,769.9
2012-12-07,1254.868,786.05
2012-12-10,1235.572,798.39
2012-12-11,1231.437,793.34
2012-12-12,1214.851,793.29
2012-12-13,1188.595,783.86
2012-12-14,1177.735,816.19
2012-12-17,1187,819.58
2012-12-18,1195.261,817.36
2012-12-19,1178.914,822.72
2012-12-20,1199.39,827.57
2012-12-21,1191.517,829.64
2012-12-24,1208.421,835.71
2012-12-25,1202.233,855.79
2012-12-26,1182.261,869.35
2012-12-27,1138.274,862.82
2012-12-28,1133.109,872.96
2012-12-31,1122.48,881.17
2013-01-04,1122.06,877.76
2013-01-07,1105.873,885.49
2013-01-08,1091.153,895.15
2013-01-09,1103.85,897.81
2013-01-10,1098.704,902.19
2013-01-11,1103.044,886.13
2013-01-14,1088.555,918.33
2013-01-15,1087.041,932.55
2013-01-16,1102.488,929.73
2013-01-17,1154.194,921.7
2013-01-18,1148.552,935.7
2013-01-21,1182.953,942.5
2013-01-22,1165.634,928.9
2013-01-23,1161.621,930.4
2013-01-24,1158.42,911.53
2013-01-25,1142.057,909.52
2013-01-28,1147.888,932.61
2013-01-29,1171.105,941.28
2013-01-30,1178.096,942.6
2013-01-31,1183.748,936.21
2013-02-01,1166.806,944.28
2013-02-04,1176.743,935.8
2013-02-05,1180.535,947
2013-02-06,1171.136,951.52
2013-02-07,1185.031,956.73
2013-02-08,1170.195,969.52
2013-02-18,1152.901,970.09
2013-02-19,1092.87,951.71
2013-02-20,1076.621,969.38
2013-02-21,1087.256,950.01
2013-02-22,1072.548,947.69
2013-02-25,1088.426,955.79
2013-02-26,1090.032,943.33
2013-02-27,1112.013,945.86
2013-02-28,1095.579,966.42
2013-03-01,1145.965,977.36
2013-03-04,1128.901,942.8
2013-03-05,1098.076,964.68
2013-03-06,1123.66,979.19
2013-03-07,1142.687,968.34
2013-03-08,1151.246,958.23
2013-03-11,1144.088,958.43
2013-03-12,1168.493,935.38
2013-03-13,1156.979,927.08
2013-03-14,1154.034,930.6
2013-03-15,1155.087,933.3
2013-03-18,1210.258,922.57
2013-03-19,1242.383,924.53
2013-03-20,1227.882,949.82
2013-03-21,1219.881,958.39
2013-03-22,1229.538,960.84
2013-03-25,1232.813,959.93
2013-03-26,1228.705,953.36
2013-03-27,1237.364,955.24
2013-03-28,1274.836,930.14
2013-03-29,1249.985,927.89
2013-04-01,1252.207,933.69
2013-04-02,1257.506,921.42
2013-04-03,1253.439,913.32
2013-04-08,1245.438,918.5
2013-04-09,1234.095,926.22
2013-04-10,1242.058,921.86
2013-04-11,1220.939,919.12
2013-04-12,1227.878,912.65
2013-04-15,1215.82,900.46
2013-04-16,1214.135,909.95
2013-04-17,1189.782,919.87
2013-04-18,1197.602,923.14
2013-04-19,1196.337,943.42
2013-04-22,1206.239,949.1
2013-04-23,1189.797,923.42
2013-04-24,1174.75,943.78
2013-04-25,1178.558,927.8
2013-04-26,1180.577,912.62
2013-05-02,1167.092,918.48
2013-05-03,1166.072,936.58
2013-05-06,1162.758,953.98
2013-05-07,1157.376,955.33
2013-05-08,1141.369,965.41
2013-05-09,1159.017,967.69
2013-05-10,1173.48,971.36
2013-05-13,1185.625,974.2
2013-05-14,1164.553,960.81
2013-05-15,1174.898,975.65
2013-05-16,1171.134,986.27
2013-05-17,1174.486,1002.54
2013-05-20,1181.635,1016.92
2013-05-21,1194.906,1030.74
2013-05-22,1224.841,1021.4
2013-05-23,1222.785,1014.47
2013-05-24,1224.09,1029.3
2013-05-27,1243.26,1037.19
2013-05-28,1239.659,1036.41
2013-05-29,1235.366,1042.6
2013-05-30,1223.242,1043.47
2013-05-31,1200.074,1035.8
2013-06-03,1215.228,1027.59
2013-06-04,1208.378,1007.09
2013-06-05,1213.068,1012.6
2013-06-06,1222.094,998.88
2013-06-07,1221.711,983.46
2013-06-13,1213.017,955.26
2013-06-14,1219.628,975.65
2013-06-17,1212.66,977.66
2013-06-18,1206.436,979.43
2013-06-19,1204.52,975.07
2013-06-20,1175.111,942.06
2013-06-21,1182.913,939.17
2013-06-24,1188.777,881.87
2013-06-25,1191.341,879.93
2013-06-26,1186.948,901.72
2013-06-27,1205.735,886.91
2013-06-28,1219.12,887.68
2013-07-01,1217.054,906.43
2013-07-02,1214.623,922.23
2013-07-03,1218.906,923.08
2013-07-04,1229.058,928.58
2013-07-05,1245.206,922.44
2013-07-08,1266.745,889.53
2013-07-09,1264.491,892.93
2013-07-10,1245.044,918.4
2013-07-11,1251.894,945.25
2013-07-12,1271.837,940.19
2013-07-15,1286.628,961.41
2013-07-16,1264.344,971.4
2013-07-17,1264.604,956.5
2013-07-18,1254.578,952.61
2013-07-19,1284.443,931.65
2013-07-22,1284.349,948.27
2013-07-23,1303.221,974.43
2013-07-24,1317.232,980.97
2013-07-25,1353.989,961.82
2013-07-26,1356.644,959.99
2013-07-29,1368.529,941.33
2013-07-30,1380.692,938.87
2013-07-31,1353.854,942.97
2013-08-01,1374.407,971.71
2013-08-02,1350.071,975.4
2013-08-05,1378.509,991.54
2013-08-06,1368.331,1002.37
2013-08-07,1362.277,990.78
2013-08-08,1352.505,994.64
2013-08-09,1347.03,996.42
2013-08-12,1368.86,1009.13
2013-08-13,1372.402,1014.97
2013-08-14,1374.327,1012.8
2013-08-15,1360.893,1001.05
2013-08-16,1374.246,980.61
2013-08-19,1380.098,999.29
2013-08-20,1384.665,998.84
2013-08-21,1386.285,1003.83
2013-08-22,1387.951,1006.69
2013-08-23,1399.118,1004.93
2013-08-26,1383.325,1023.59
2013-08-27,1373.08,1029.45
2013-08-28,1380.299,1016.26
2013-08-29,1365.36,1014.44
2013-08-30,1379.792,996.7
2013-09-02,1393.523,1008.04
2013-09-03,1408.581,1023.79
2013-09-04,1433.363,1023.81
2013-09-05,1455.612,1025.83
2013-09-06,1462.61,1030.76
2013-09-09,1455.821,1039.91
2013-09-10,1452.967,1044.58
2013-09-11,1455.894,1034.52
2013-09-12,1470.861,1035
2013-09-13,1469.602,1041.49
2013-09-16,1441.922,1045.24
2013-09-17,1467.128,1030.25
2013-09-18,1466.298,1036.51
2013-09-23,1479.549,1059.74
2013-09-24,1467.572,1059.81
2013-09-25,1488.695,1054.07
2013-09-26,1501.014,1039.86
2013-09-27,1495.405,1043.74
2013-09-30,1496.111,1056.55
2013-10-08,1496.251,1074.8
2013-10-09,1502.42,1084.88
2013-10-10,1536.145,1076.85
2013-10-11,1538.892,1087.44
2013-10-14,1557.385,1097.06
2013-10-15,1571.513,1094.58
2013-10-16,1564.072,1066.33
2013-10-17,1549.901,1066.53
2013-10-18,1519.717,1074.13
2013-10-21,1519.139,1101.59
2013-10-22,1527.057,1088.55
2013-10-23,1509.071,1065.22
2013-10-24,1494.596,1058.78
2013-10-25,1466.456,1039.94
2013-10-28,1469.444,1037.85
2013-10-29,1452.69,1019.04
2013-10-30,1495.683,1035.2
2013-10-31,1528.112,1021.04
2013-11-01,1520.953,1016.97
2013-11-04,1546.289,1021.47
2013-11-05,1551.191,1034.61
2013-11-06,1550.318,1023.86
2013-11-07,1545.341,1011.26
2013-11-08,1547.471,997.88
2013-11-11,1543.596,1004.94
2013-11-12,1565.38,1014.19
2013-11-13,1535.789,996.37
2013-11-14,1560.317,1011.11
2013-11-15,1542.836,1029.71
2013-11-18,1550.82,1052.13
2013-11-19,1546.411,1054.05
2013-11-20,1538.732,1060.79
2013-11-21,1532.926,1055.92
2013-11-22,1530.992,1052.71
2013-11-25,1548.312,1052.19
2013-11-26,1636.908,1054.65
2013-11-27,1644.847,1069.26
2013-11-28,1653.654,1079.88
2013-11-29,1671.701,1089.6
2013-12-02,1747.431,1035.54
2013-12-03,1725.549,1053.29
2013-12-04,1755.5,1064.02
2013-12-05,1792.57,1058.01
2013-12-06,1857.913,1055.87
2013-12-09,1817.615,1066.73
2013-12-10,1904.406,1066.35
2013-12-11,1789.35,1056.78
2013-12-12,1865.501,1064.05
2013-12-13,1898.055,1068.19
2013-12-16,1880.911,1054.69
2013-12-17,1852.995,1047.49
2013-12-18,1884.448,1046.84
2013-12-19,1932.068,1039.9
2013-12-20,1893.808,1026.24
2013-12-23,1863.495,1025.58
2013-12-24,1829.478,1034.79
2013-12-25,1819.804,1050.99
2013-12-26,1774.536,1032.6
2013-12-27,1807.502,1050.85
2013-12-30,1867.661,1054.22
2013-12-31,1934.336,1057.67
2014-01-02,1933.152,1068.1
2014-01-03,2054.789,1065.69
2014-01-06,2140.074,1038.34
2014-01-07,2077.062,1044.67
2014-01-08,2077.745,1053.77
2014-01-09,2014.894,1038.62
2014-01-10,1995.117,1021.59
2014-01-13,1941.883,1019.47
2014-01-14,1946.189,1039.63
2014-01-15,1959.616,1047.31
2014-01-16,2023.322,1046.17
2014-01-17,2014.72,1036.03
2014-01-20,1864.859,1026.94
2014-01-21,1918.729,1042.59
2014-01-22,2005.938,1067.05
2014-01-23,2051.765,1075.48
2014-01-24,2078.709,1089.53
2014-01-27,2095.005,1083.21
2014-01-28,2057.339,1079.84
2014-01-29,2030.33,1089
2014-01-30,2030.599,1081.27
2014-02-07,2043.112,1098.69
2014-02-10,2024.616,1128.06
2014-02-11,2044.254,1127.22
2014-02-12,2046.019,1139.04
2014-02-13,2031.255,1119.93
2014-02-14,1957.08,1138.39
2014-02-17,1932.602,1160.39
2014-02-18,1975.894,1155.62
2014-02-19,1992.356,1157.2
2014-02-20,2004.832,1139.27
2014-02-21,2058.14,1135.01
2014-02-24,2058.014,1134.19
2014-02-25,2086.074,1089.22
2014-02-26,2044.295,1094.73
2014-02-27,2094.208,1075.48
2014-02-28,2094.203,1090.87
2014-03-03,2118.483,1109.41
2014-03-04,2057.364,1106.35
2014-03-05,2076.348,1103.67
2014-03-06,2059.673,1105.69
2014-03-07,2057.718,1102.28
2014-03-10,2096.888,1064.06
2014-03-11,2094.159,1064.3
2014-03-12,2105.339,1062.79
2014-03-13,2136.08,1078.35
2014-03-14,2136.993,1074.19
2014-03-17,2188.814,1096.36
2014-03-18,2215.866,1099.9
2014-03-19,2281.055,1094.44
2014-03-20,2269.296,1065.43
2014-03-21,2333.308,1084.5
2014-03-24,2397.773,1085.48
2014-03-25,2384.071,1083.31
2014-03-26,2396.017,1088.86
2014-03-27,2399.636,1067.32
2014-03-28,2504.429,1044.14
2014-03-31,2640.854,1039.88
2014-04-01,2599.11,1057.01
2014-04-02,2609.25,1055.12
2014-04-03,2611.93,1055.58
2014-04-04,2633.277,1068.07
2014-04-08,2712.042,1078.2
2014-04-09,2738.638,1087.89
2014-04-10,2804.599,1092.7
2014-04-11,2827.624,1088.1
2014-04-14,2843.694,1094.41
2014-04-15,2802.898,1085.96
2014-04-16,2736.545,1085.06
2014-04-17,2766.626,1086.23
2014-04-18,2801.133,1089.36
2014-04-21,2766.286,1074.78
2014-04-22,2828.792,1066.5
2014-04-23,2917.594,1064.93
2014-04-24,2912.66,1057.31
2014-04-25,2880.882,1036.72
2014-04-28,2912.411,1007.27
2014-04-29,2861.781,1019.84
2014-04-30,2885.077,1027.57
2014-05-05,2950.379,1037.03
2014-05-06,2956.505,1044.2
2014-05-07,2816.358,1027.99
2014-05-08,2749.78,1026.2
2014-05-09,2708.138,1017.69
2014-05-12,2772.555,1040.54
2014-05-13,2860.526,1039.39
2014-05-14,2868.234,1040.81
2014-05-15,2947.864,1022.51
2014-05-16,2946.009,1019.36
2014-05-19,2885.992,1014.19
2014-05-20,2900.558,1018.5
2014-05-21,2995.901,1028
2014-05-22,3013.655,1028.68
2014-05-23,3095.197,1040.46
2014-05-26,3194.442,1052.8
2014-05-27,3287.607,1048.81
2014-05-28,3389.181,1063.22
2014-05-29,3363.276,1050.58
2014-05-30,3176.564,1053.75
2014-06-03,3184.498,1052.88
2014-06-04,3324.77,1044.43
2014-06-05,3404.081,1058.3
2014-06-06,3447.936,1055.56
2014-06-09,3474.886,1049.31
2014-06-10,3584.931,1063.88
2014-06-11,3620.751,1068.93
2014-06-12,3561.338,1066.56
2014-06-13,3624.881,1079.36
2014-06-16,3656.706,1086.53
2014-06-17,3721.98,1075.81
2014-06-18,3681.609,1068.72
2014-06-19,3582.021,1040.42
2014-06-20,3642.009,1050.11
2014-06-23,3566.072,1061.26
2014-06-24,3340.803,1068.5
2014-06-25,3363.571,1064.23
2014-06-26,3436.816,1080.33
2014-06-27,3362.701,1086.98
2014-06-30,3116.626,1096.78
2014-07-01,2996.224,1101.72
2014-07-02,3127.083,1106.94
2014-07-03,2964.978,1113.91
2014-07-04,2803.734,1113.55
2014-07-07,2627.359,1111.82
2014-07-08,2625.181,1120.38
2014-07-09,2498.076,1102.43
2014-07-10,2397.407,1100.86
2014-07-11,2519.811,1107.81
2014-07-14,2612.626,1121.05
2014-07-15,2713.715,1116.75
2014-07-16,2716.591,1105.22
2014-07-17,2636.286,1099.05
2014-07-18,2673.857,1101.26
2014-07-21,2784.305,1100.09
2014-07-22,2832.991,1114.76
2014-07-23,2844.164,1102.73
2014-07-24,2872.468,1101.09
2014-07-25,2971.111,1111.52
2014-07-28,2963.105,1133.83
2014-07-29,2753.007,1145.74
2014-07-30,2739.404,1150.56
2014-07-31,2811.576,1160.01
2014-08-01,2728.255,1148.29
2014-08-04,2735.181,1164.32
2014-08-05,2724.28,1172.76
2014-08-06,2824.493,1177.33
2014-08-07,2773.814,1166.496
2014-08-08,2734.044,1174.41
2014-08-11,2798.619,1191.358
2014-08-12,2909.553,1194.943
2014-08-13,2949.989,1194.811
2014-08-14,2904.138,1187.953
2014-08-15,2970.013,1201.175
2014-08-18,3051.259,1218.731
2014-08-19,3090.741,1223.087
2014-08-20,2908.723,1222.116
2014-08-21,2977.273,1223.827
2014-08-22,2874.101,1232.504
2014-08-25,2760.092,1223.067
2014-08-26,2564.475,1202.464
2014-08-27,2414.002,1209.204
2014-08-28,2365.931,1198.708
2014-08-29,2409.938,1212.256
2014-09-01,2527.874,1232.56
2014-09-02,2499.611,1249.061
2014-09-03,2443.619,1258.743
2014-09-04,2414.132,1268.561
2014-09-05,2367.764,1273.681
2014-09-09,2419.1,1279.516
2014-09-10,2485.586,1285.181
2014-09-11,2458.523,1283.027
2014-09-12,2475.982,1294.789
2014-09-15,2352.468,1304.201
2014-09-16,2260.401,1263.041
2014-09-17,2376.419,1271.337
2014-09-18,2316.379,1279.427
2014-09-19,2323.178,1291.228
2014-09-22,2373.921,1275.519
2014-09-23,2387.095,1291.418
2014-09-24,2356.557,1309.141
2014-09-25,2354.045,1309.044
2014-09-26,2301.71,1312.603
2014-09-29,2311.751,1324.942
2014-09-30,2264.046,1333.503
2014-10-08,2282.222,1351.824
2014-10-09,2365.159,1355.706
2014-10-10,2400.585,1350.599
2014-10-13,2480.372,1349.467
2014-10-14,2486.939,1345.642
2014-10-15,2451.42,1351.125
2014-10-16,2508.017,1332.897
2014-10-17,2553.766,1323.521
2014-10-20,2555.089,1340.978
2014-10-21,2588.174,1330.766
2014-10-22,2480.353,1316.027
2014-10-23,2572.921,1296.053
2014-10-24,2665.393,1296.643
2014-10-27,2646.793,1302.392
2014-10-28,2642.515,1333.526
2014-10-29,2590.429,1349.975
2014-10-30,2609.298,1349.573
2014-10-31,2607.634,1350.498
2014-11-03,2547.477,1361.379
2014-11-04,2545.419,1353.814
2014-11-05,2663.065,1353.119
2014-11-06,2681.535,1364.534
2014-11-07,2725.854,1354.358
2014-11-10,2786.758,1365.639
2014-11-11,2771.83,1325.731
2014-11-12,2804.282,1345.412
2014-11-13,2795.784,1325.782
2014-11-14,2732.728,1322.62
2014-11-17,2770.211,1335.73
2014-11-18,2761.52,1338.091
2014-11-19,2820.914,1347.359
2014-11-20,2834.058,1344.57
2014-11-21,2863.496,1359.827
2014-11-24,2854.582,1377.791
2014-11-25,2876.219,1397.41
2014-11-26,2893.49,1405.655
2014-11-27,2913.843,1416.177
2014-11-28,2746.055,1420.319
2014-12-01,2805.283,1412.562
2014-12-02,2945.2,1433.496
2014-12-03,3021.244,1452.923
2014-12-04,3132.749,1481.964
2014-12-05,3109.386,1454.634
2014-12-08,3080.273,1466.649
2014-12-09,3013.37,1403.389
2014-12-10,3108.794,1452.528
2014-12-11,3070.755,1465.587
2014-12-12,3073.921,1479.82
2014-12-15,3120.484,1500.564
2014-12-16,3186.947,1503.584
2014-12-17,3143.116,1492.941
2014-12-18,3317.305,1484.259
2014-12-19,3413.651,1465.588
2014-12-22,3454.362,1412.301
2014-12-23,3473.406,1392.619
2014-12-24,3462.701,1404.4
2014-12-25,3420.341,1424.618
2014-12-26,3426.734,1439.477
2014-12-29,3370.438,1418.489
2014-12-30,3381.428,1398.567
2014-12-31,3366.006,1415.191
2015-01-05,3313.259,1436.864
2015-01-06,3105.22,1461.316
2015-01-07,3068.126,1457.447
2015-01-08,3135.168,1451.145
2015-01-09,2927.595,1442.837
2015-01-12,2961.832,1432.56
2015-01-13,2834.294,1452.366
2015-01-14,2843.029,1445.858
2015-01-15,2777.925,1459.692
2015-01-16,2837.257,1478.467
2015-01-19,2748.867,1428.37
2015-01-20,2769.87,1476.841
2015-01-21,2860.291,1512.292
2015-01-22,2831.496,1530.275
2015-01-23,2753.464,1514.297
2015-01-26,2776.016,1548.016
2015-01-27,2791.629,1549.931
2015-01-28,2625.787,1538.856
2015-01-29,2598.055,1529.383
2015-01-30,2530.194,1512.388
2015-02-02,2597.731,1502.891
2015-02-03,2579.489,1533.217
2015-02-04,2652.138,1529.04
2015-02-05,2688.726,1526.113
2015-02-06,2709.454,1495.262
2015-02-09,2680.335,1489.393
2015-02-10,2666.622,1512.49
2015-02-11,2748.424,1533.322
2015-02-12,2779.063,1544.804
2015-02-13,2779.793,1569.561
2015-02-16,2774.667,1600.046
2015-02-17,2826.27,1610.727
2015-02-25,2800.718,1598.304
2015-02-26,2814.747,1614.71
2015-02-27,2644.99,1630.051
2015-03-02,2644.27,1663.651
2015-03-03,2595.054,1644.994
2015-03-04,2670.814,1673.244
2015-03-05,2822.007,1677.766
2015-03-06,2823.519,1651.771
2015-03-09,2780.325,1672.071
2015-03-10,2799.959,1691.981
2015-03-11,2763.901,1689.154
2015-03-12,2714.317,1684.835
2015-03-13,2673.053,1708.079
2015-03-16,2656.019,1760.19
2015-03-17,2710.163,1781.775
2015-03-18,2684.04,1818.376
2015-03-19,2663.948,1827.858
2015-03-20,2712.009,1852.943
2015-03-23,2779.973,1903.644
2015-03-24,2841.889,1922.847
2015-03-25,2816.373,1943.688
2015-03-26,2831.387,1914.226
2015-03-27,2808.019,1935.594
2015-03-30,2825.654,1948.06
2015-03-31,2799.946,1958.403
2015-04-01,2763.157,2005.666
2015-04-02,2819.396,2043.026
2015-04-03,2817.571,2080.395
2015-04-07,2811.975,2124.093
2015-04-08,2860.728,2109.034
2015-04-09,2860.311,2096.972
2015-04-10,2828.803,2149.112
2015-04-13,2815.79,2187.733
2015-04-14,2856.791,2181.887
2015-04-15,2839.45,2101.65
2015-04-16,2862.711,2126.153
2015-04-17,2891.57,2136.27
2015-04-20,2900.82,2093.706
2015-04-21,2866.227,2174.925
2015-04-22,2866.478,2234.461
2015-04-23,2778.031,2256.975
2015-04-24,2761.885,2256.362
2015-04-27,2771.329,2271.275
2015-04-28,2757.482,2208.561
2015-04-29,2776.606,2254.975
2015-04-30,2774.086,2267.773
2015-05-04,2763.317,2281.655
2015-05-05,2766.177,2217.886
2015-05-06,2805.925,2206.709
2015-05-07,2809.8,2181.299
2015-05-08,2824.919,2272.169
2015-05-11,2762.373,2373.916
2015-05-12,2689.83,2425.902
2015-05-13,2694.771,2445.873
2015-05-14,2698.356,2454.198
2015-05-15,2678.086,2442.756
2015-05-18,2668.571,2501.461
2015-05-19,2684.288,2567.287
2015-05-20,2679.36,2619.324
2015-05-21,2650.965,2713.419
2015-05-22,2653.205,2740.917
2015-05-25,2661.996,2785.071
2015-05-26,2684.655,2884.661
2015-05-27,2666.518,2918.024
2015-05-28,2662.793,2756.926
2015-05-29,2661.689,2793.254
2015-06-01,2669.367,2926.962
2015-06-02,2660.257,3029.974
2015-06-03,2719.962,3041.412
2015-06-04,2721.881,3023.697
2015-06-05,2730.905,3051.955
2015-06-08,2735.588,2999.34
2015-06-09,2745.095,2994.853
2015-06-10,2735.29,3055.58
2015-06-11,2727.363,3100.935
2015-06-12,2648.057,3140.662
2015-06-15,2657.839,3073.07
2015-06-16,2691.98,2962.655
2015-06-17,2681.789,3021.4
2015-06-18,2697.164,2913.6
2015-06-19,2700.941,2742.184
2015-06-23,2694.21,2774.636
2015-06-24,2710.944,2822.734
2015-06-25,2702.602,2716.709
2015-06-26,2687.893,2502.955
2015-06-29,2714.166,2351.403
2015-06-30,2732.816,2464.226
2015-07-01,2736.135,2346.132
2015-07-02,2746.745,2215.814
2015-07-03,2750.91,2098.478
2015-07-06,2696.472,2041.852
2015-07-07,2642.966,1932.832
2015-07-08,2648.832,1884.454
2015-07-09,2611.658,1955.352
2015-07-10,2606.998,2035.26
2015-07-13,2579.397,2120.246
2015-07-14,2607.576,2149.516
2015-07-15,2635.937,2058.843
2015-07-16,2635.398,2086.517
2015-07-17,2636.807,2190.418
2015-07-20,2613.284,2230.292
2015-07-21,2594.92,2265.099
2015-07-22,2588.457,2287.98
2015-07-23,2588.736,2352.649
2015-07-24,2583.328,2322.706
2015-07-27,2601.632,2160.092
2015-07-28,2630.356,2111.698
2015-07-29,2540.752,2198.813
2015-07-30,2565.506,2128.155
2015-07-31,2551.781,2110.622
2015-08-03,2526.839,2053.116
2015-08-04,2561.808,2150.952
2015-08-05,2604.311,2128.416
2015-08-06,2688.147,2113.648
2015-08-07,2734.042,2177.154
2015-08-10,2802.888,2274.842
2015-08-11,2811.722,2284.272
2015-08-12,2765.691,2249.18
2015-08-13,2719.964,2298.793
2015-08-14,2866.318,2310.399
2015-08-17,3018.018,2327.485
2015-08-18,3100.954,2174.419
2015-08-19,3035.558,2222.05
2015-08-20,3087.816,2155.492
2015-08-21,3040.844,2039.396
2015-08-24,3023.47,1882.462
2015-08-25,3017.707,1749.072
2015-08-26,2992.412,1695.758
2015-08-27,2937.28,1752.213
2015-08-28,2903.541,1846.826
2015-08-31,2913.74,1790.311
2015-09-01,2890.961,1707.778
2015-09-02,2991.756,1673.952
2015-09-07,2890.305,1677.332
2015-09-08,2895.171,1741.537
2015-09-09,2885.66,1798.842
2015-09-10,2897.071,1770.375
2015-09-11,2890.107,1781.352
2015-09-14,2903.35,1662.889
2015-09-15,2870.186,1580.256
2015-09-16,2841.258,1683.359
2015-09-17,2858.696,1658.415
2015-09-18,2848.94,1679.095
2015-09-21,2872.854,1738.642
2015-09-22,2879.278,1750.907
2015-09-23,2917.654,1736.445
2015-09-24,3030.294,1757.536
2015-09-25,2966.033,1697.115
2015-09-28,2907.958,1737.919
2015-09-29,2957.541,1711.715
2015-09-30,2969.715,1716.78
2015-10-08,2978.109,1785.392
2015-10-09,2995.312,1811.628
2015-10-12,2960.493,1887.282
2015-10-13,2995.501,1907.121
2015-10-14,3014.001,1884.155
2015-10-15,3031.055,1941.284
2015-10-16,3033.318,1966.963
2015-10-19,2991.212,1969.639
2015-10-20,3016.083,2008.48
2015-10-21,3009.39,1889.133
2015-10-22,3015.081,1959.19
2015-10-23,2989.482,2016.737
2015-10-26,2996.646,2030.479
2015-10-27,2997.957,2043.777
2015-10-28,3013.701,1998.38
2015-10-29,2999.199,2014.396
2015-10-30,2976.91,2014.86
2015-11-02,2991.096,1987.973
2015-11-03,3049.634,1987.47
2015-11-04,2995.017,2089.289
2015-11-05,3006.226,2093.467
2015-11-06,2981.708,2152.43
2015-11-09,2959.875,2191.603
2015-11-10,2978.963,2209.605
2015-11-11,3045.495,2253.212
2015-11-12,3081.419,2259.486
2015-11-13,3063.05,2205.565
2015-11-16,3048.752,2250.977
2015-11-17,3108.133,2231.182
2015-11-18,3099.724,2189.883
2015-11-19,3108.995,2257.21
2015-11-20,3127.393,2285.826
2015-11-23,3124.699,2268.618
2015-11-24,3130.605,2300.088
2015-11-25,3140.276,2343.619
2015-11-26,3144.243,2325.688
2015-11-27,3171.758,2184.113
2015-11-30,3137.988,2203.606
2015-12-01,3107.307,2198.283
2015-12-02,3140.146,2189.314
2015-12-03,3177.267,2243.943
2015-12-04,3116.582,2233.26
2015-12-07,3026.295,2261.407
2015-12-08,3027.662,2221.266
2015-12-09,3039.546,2214.21
2015-12-10,3013.891,2211.862
2015-12-11,3026.638,2195.856
2015-12-14,2892.43,2239.678
2015-12-15,2896.16,2264.722
2015-12-16,2859.676,2280.117
2015-12-17,2870.64,2342.182
2015-12-18,2889.303,2335.603
2015-12-21,2842.967,2357.989
2015-12-22,2807.244,2379.627
2015-12-23,2823.727,2351.064
2015-12-24,2827.582,2346.371
2015-12-25,2797.054,2359.728
2015-12-28,2812.816,2308.377
2015-12-29,2839.968,2330.355
2015-12-30,2818.567,2351.353
2015-12-31,2797.159,2308.907
2016-01-04,2794.958,2119.156
2016-01-05,2816.81,2079.772
2016-01-06,2825.847,2133.956
2016-01-07,2821.477,1958.089
2016-01-08,2808.84,1978.721
2016-01-11,2816.803,1848.102
2016-01-12,2808.931,1855.391
2016-01-13,2780.438,1791.182
2016-01-14,2765.743,1859.37
2016-01-15,2771.647,1796.131
2016-01-18,2676.434,1830.329
2016-01-19,2683.411,1895.749
2016-01-20,2695.938,1876.307
2016-01-21,2677.443,1800.992
2016-01-22,2705.032,1827.337
2016-01-25,2728.78,1845.783
2016-01-26,2725.46,1714.421
2016-01-27,2725.076,1700.153
2016-01-28,2735.822,1629.065
2016-01-29,2727.269,1689.43
2016-02-01,2740.58,1671.908
2016-02-02,2747.896,1729.089
2016-02-03,2766.292,1737.2
2016-02-04,2790.608,1771.067
2016-02-05,2788.542,1750.703
2016-02-15,2802.462,1750.016
2016-02-16,2809.472,1821.708
2016-02-17,2786.007,1847.648
2016-02-18,2800.915,1841.416
2016-02-19,2778.545,1850.513
2016-02-22,2809.816,1888.181
2016-02-23,2832.735,1877.185
2016-02-24,2845.053,1876.474
2016-02-25,2828.154,1738.668
2016-02-26,2827.123,1736.538
2016-02-29,2791.26,1643.355
2016-03-01,2794.938,1681.474
2016-03-02,2807.006,1760.583
2016-03-03,2790.888,1758.132
2016-03-04,2778.881,1706.966
2016-03-07,2801.118,1741.645
2016-03-08,2812.12,1750.535
2016-03-09,2822.551,1713.444
2016-03-10,2794.701,1688.972
2016-03-11,2804.897,1685.239
2016-03-14,2830.695,1745.286
2016-03-15,2856.069,1729.079
2016-03-16,2850.29,1711.465
2016-03-17,2868.46,1772.43
2016-03-18,2848.949,1837.21
2016-03-21,2827.992,1886.372
2016-03-22,2837.01,1880.784
2016-03-23,2810.311,1902.532
2016-03-24,2820.722,1876.106
2016-03-25,2825.381,1885.179
2016-03-28,2811.3,1874.655
2016-03-29,2805.876,1840.509
2016-03-30,2790.223,1906.765
2016-03-31,2747.372,1912.209
2016-04-01,2758.254,1901.515
2016-04-05,2824.15,1951.105
2016-04-06,2845.329,1961.707
2016-04-07,2854.236,1930.263
2016-04-08,2898.441,1914.322
2016-04-11,2962.628,1952.478
2016-04-12,2983.791,1935.603
2016-04-13,2996.658,1962.432
2016-04-14,2942.859,1982.451
2016-04-15,2891.311,1978.584
2016-04-18,2872.141,1952.409
2016-04-19,2845.804,1958.2
2016-04-20,2824.914,1871.513
2016-04-21,2814.428,1848.529
2016-04-22,2744.537,1867.555
2016-04-25,2751.981,1859.901
2016-04-26,2764.588,1881.987
2016-04-27,2729.43,1876.514
2016-04-28,2746.208,1874.308
2016-04-29,2734.852,1873.994
2016-05-03,2715.155,1929.03
2016-05-04,2714.226,1928.633
2016-05-05,2690.502,1942.545
2016-05-06,2623.71,1871.609
2016-05-09,2637.163,1804.345
2016-05-10,2602.925,1802.272
2016-05-11,2623.878,1791.055
2016-05-12,2640.299,1790.027
2016-05-13,2646.275,1784.329
2016-05-16,2673.4,1815.027
2016-05-17,2672.521,1814.68
2016-05-18,2669.67,1766.081
2016-05-19,2679.482,1775.885
2016-05-20,2642.406,1794.954
2016-05-23,2617.498,1820.992
2016-05-24,2616.711,1804.604
2016-05-25,2692.4,1800.229
2016-05-26,2693.207,1808.926
2016-05-27,2723.309,1807.039
2016-05-30,2696.619,1798.775
2016-05-31,2725.043,1872.36
2016-06-01,2735.819,1886.506
2016-06-02,2739.803,1904.742
2016-06-03,2780.026,1914.812
2016-06-06,2786.398,1920.124
2016-06-07,2787.883,1924.88
2016-06-08,2776.186,1918.622
2016-06-13,2799.511,1827.356
2016-06-14,2759.96,1832.629
2016-06-15,2761.141,1889.87
2016-06-16,2753.401,1885.438
2016-06-17,2767.54,1900.736
2016-06-20,2767.485,1909.121
2016-06-21,2778.3,1889.711
2016-06-22,2772.604,1921.382
2016-06-23,2840.398,1915.207
2016-06-24,2935.762,1900.599
2016-06-27,2910.856,1946.696
2016-06-28,2872.855,1970.376
2016-06-29,2877.67,1973.342
2016-06-30,2868.917,1974.24
2016-07-01,2866.583,1970.724
2016-07-04,2829.08,2001.689
2016-07-05,2845.248,2006.38
2016-07-06,2834.213,2015.171
2016-07-07,2842.012,2015.147
2016-07-08,2847.469,2012.286
2016-07-11,2835.211,2000.977
2016-07-12,2848.648,2025.017
2016-07-13,2824.017,2041.663
2016-07-14,2829.783,2044.933
2016-07-15,2744.287,2038.734
2016-07-18,2790.284,2027.878
2016-07-19,2822.336,2034.454
2016-07-20,2864.064,2035.847
2016-07-21,2856.491,2038.182
2016-07-22,2846.924,2019.569
2016-07-25,2813.416,2019.814
2016-07-26,2820.663,2044.961
2016-07-27,2834.984,1953.989
2016-07-28,2845.754,1950.995
2016-07-29,2847.353,1941.555
2016-08-01,2861.14,1912.648
2016-08-02,2842.571,1926.692
2016-08-03,2822.021,1934.815
2016-08-04,2795.989,1948.912
2016-08-05,2794.854,1941.606
2016-08-08,2800.476,1962.263
2016-08-09,2800.997,1982.66
2016-08-10,2786.049,1976.164
2016-08-11,2728.485,1950.921
2016-08-12,2759.115,1973.665
2016-08-15,2773.049,2023.237
2016-08-16,2774.341,2036.801
2016-08-17,2781.462,2043.267
2016-08-18,2810.599,2042.224
2016-08-19,2824.989,2044.696
2016-08-22,2822.651,2018.658
2016-08-23,2810.616,2024.054
2016-08-24,2804.682,2030.281
2016-08-25,2827.073,2019.019
2016-08-26,2859.52,2023.092
2016-08-29,2865.442,2027.145
2016-08-30,2872.943,2028.356
2016-08-31,2860.861,2032.873
2016-09-01,2852.001,2017.464
2016-09-02,2850.674,2009.294
2016-09-05,2880.704,2018.101
2016-09-06,2880.523,2048.19
2016-09-07,2968.777,2044.552
2016-09-08,2969.002,2050.08
2016-09-09,2950.742,2035.022
2016-09-12,2936.342,1977.057
2016-09-13,2959.241,1989.334
2016-09-14,3030.258,1980.254
2016-09-19,3103.308,2001.29
2016-09-20,3080.695,2000.06
2016-09-21,3138.164,2005.595
2016-09-22,3136.161,2018.163
2016-09-23,3084.734,2008.121
2016-09-26,3061.26,1966.604
2016-09-27,2943.602,1981.262
2016-09-28,2968.038,1978.3
2016-09-29,2992.051,1985.92
2016-09-30,2950.115,1995.607
2016-10-10,2959.242,2033.382
2016-10-11,2984.085,2043.685
2016-10-12,2981.617,2047.118
2016-10-13,2983.241,2049.31
2016-10-14,2979.791,2046.741
2016-10-17,2981.731,2027.556
2016-10-18,2933.13,2056.592
2016-10-19,2938.318,2053.787
2016-10-20,2941.056,2060.389
2016-10-21,2903.949,2052.561
2016-10-24,2930.097,2070.209
2016-10-25,2938.903,2077.748
2016-10-26,2985.356,2069.363
2016-10-27,3001.751,2068.086
2016-10-28,2994.751,2052.015
2016-10-31,2991.732,2050.276
2016-11-01,2993.312,2073.112
2016-11-02,3002.332,2060.053
2016-11-03,3005.935,2071.586
2016-11-04,3000.958,2067.153
2016-11-07,2946.877,2066.809
2016-11-08,2921.559,2080.434
2016-11-09,2942.041,2068.466
2016-11-10,2933.175,2096.89
2016-11-11,2950.531,2108.032
2016-11-14,2947.111,2114.3
2016-11-15,2933.474,2124.395
2016-11-16,2962.522,2124.845
2016-11-17,2950.62,2116.858
2016-11-18,2971.95,2111.275
2016-11-21,2935.63,2118.944
2016-11-22,2937.241,2137.883
2016-11-23,3038.404,2129.513
2016-11-24,3048.572,2121.49
2016-11-25,2986.708,2129.845
2016-11-28,3012.226,2126.822
2016-11-29,2986.929,2110.361
2016-11-30,2972.389,2106.909
2016-12-01,3099.272,2119.692
2016-12-02,2995.524,2084.488
2016-12-05,2990.166,2068.165
2016-12-06,2970.193,2071.442
2016-12-07,2948.691,2090.328
2016-12-08,2939.887,2077.371
2016-12-09,2917.31,2070.007
2016-12-12,2921.227,1969.325
2016-12-13,2933.625,1975.877
2016-12-14,2916.701,1959.858
2016-12-15,2930.991,1972.904
2016-12-16,2933.295,1991.635
2016-12-19,2901.056,1984.101
2016-12-20,2866.995,1981.323
2016-12-21,2894.581,1996.03
2016-12-22,2865.835,1993.365
2016-12-23,2909.719,1971.064
2016-12-26,2910.146,1978.372
2016-12-27,2925.755,1979.73
2016-12-28,2933.106,1972.345
2016-12-29,2940.655,1966.236
2016-12-30,2947.409,1969.111
2017-01-03,2977.043,1985.954
2017-01-04,3062.871,2008.786
2017-01-05,3073.236,2005.577
2017-01-06,3099.549,1988.13
2017-01-09,3209.812,1994.152
2017-01-10,3284.895,1989.289
2017-01-11,3290.746,1968.429
2017-01-12,3272.493,1951.313
2017-01-13,3257.438,1921.002
2017-01-16,3286.872,1851.41
2017-01-17,3316.548,1873.02
2017-01-18,3498.261,1864.59
2017-01-19,3461.832,1857.458
2017-01-20,3448.829,1885.774
2017-01-23,3424.268,1902.144
2017-01-24,3442.443,1896.45
2017-01-25,3542.377,1904.035
2017-01-26,3541.227,1917.316
2017-02-03,3506.251,1909.788
2017-02-06,3534.736,1927.571
2017-02-07,3479.741,1927.174
2017-02-08,3382.249,1941.793
2017-02-09,3412.337,1954.623
2017-02-10,3359.869,1950.319
2017-02-13,3342.297,1964.745
2017-02-14,3344.653,1964.322
2017-02-15,3204.408,1947.04
2017-02-16,3056.615,1958.115
2017-02-17,3047.252,1945.106
2017-02-20,2919.39,1962.529
2017-02-21,2966.388,1981.143
2017-02-22,3016.635,1990.336
2017-02-23,3039.043,1991.984
2017-02-24,3080.531,2000.379
2017-02-27,3116.543,1988.772
2017-02-28,3110.232,2001.321
2017-03-01,3046.246,2008.868
2017-03-02,3057.089,1997.717
2017-03-03,3043.105,2001.907
2017-03-06,3027.986,2025.535
2017-03-07,3025.777,2031.63
2017-03-08,3112.779,2024.281
2017-03-09,3073.691,2009.55
2017-03-10,3110.583,2013.639
2017-03-13,3114.505,2029.889
2017-03-14,3072.095,2027.108
2017-03-15,3052.49,2026.76
2017-03-16,3053.126,2046.307
2017-03-17,3038.12,2029.728
2017-03-20,3042.57,2036.052
2017-03-21,2986.876,2043.942
2017-03-22,2979.195,2037.885
2017-03-23,2991.344,2038.596
2017-03-24,2960.461,2046.742
2017-03-27,2876.831,2039.405
2017-03-28,2869.003,2034.218
2017-03-29,2914.186,2019.386
2017-03-30,2913.802,1979.582
2017-03-31,3053.432,1986.472
2017-04-05,3017.597,2023.197
2017-04-06,3019.847,2029.205
2017-04-07,2997.415,2028.333
2017-04-10,2966.87,2008.501
2017-04-11,2938.434,2022.377
2017-04-12,2980.991,2007.003
2017-04-13,3014.247,2014.666
2017-04-14,2984.764,1986.649
2017-04-17,2961.712,1958.551
2017-04-18,2889.213,1946.42
2017-04-19,2848.461,1932.463
2017-04-20,2862.585,1928.776
2017-04-21,2869.753,1920.225
2017-04-24,2828.537,1873.373
2017-04-25,2815.105,1882.858
2017-04-26,2887.348,1889.787
2017-04-27,2851.772,1900.033
2017-04-28,2780.177,1906.915
2017-05-02,2777.128,1906.877
2017-05-03,2761.023,1901.75
2017-05-04,2767.379,1896.356
2017-05-05,2763.377,1872.788
2017-05-08,2799.601,1835.586
2017-05-09,2856.039,1847.639
2017-05-10,2832.236,1822.557
2017-05-11,2850.261,1819.145
2017-05-12,2830.364,1820.196
2017-05-15,2813.927,1827.02
2017-05-16,2814.419,1865.265
2017-05-17,2792.016,1867.68
2017-05-18,2781.534,1855.993
2017-05-19,2802.449,1853.714
2017-05-22,2803.502,1828.22
2017-05-23,2780.338,1789.467
2017-05-24,2759.994,1798.869
2017-05-25,2752.942,1811.903
2017-05-26,2735.679,1810.11
2017-05-31,2720.178,1808.301
2017-06-01,2674.895,1773.606
2017-06-02,2603.039,1788.603
2017-06-05,2647.008,1800.932
2017-06-06,2649.812,1810.801
2017-06-07,2703.158,1850.533
2017-06-08,2719.673,1852.857
2017-06-09,2694.646,1857.165
2017-06-12,2711.427,1836.762
2017-06-13,2664.27,1859.881
2017-06-14,2690.71,1852.785
2017-06-15,2710.421,1869.712
2017-06-16,2693.993,1866.052
2017-06-19,2681.79,1876.849
2017-06-20,2698.507,1879.064
2017-06-21,2557.474,1887.192
2017-06-22,2571.505,1862.839
2017-06-23,2579.573,1871.336
2017-06-26,2606.279,1896.794
2017-06-27,2530.453,1898.535
2017-06-28,2467.511,1883.371
2017-06-29,2398.744,1892.269
2017-06-30,2365.495,1897.686
2017-07-03,2425.639,1905.203
2017-07-04,2326.17,1896.526
2017-07-05,2351.09,1913.137
2017-07-06,2312.172,1914.585
2017-07-07,2277.273,1918.132
2017-07-10,2282.781,1905.368
2017-07-11,2338.656,1891.596
2017-07-12,2361.684,1889.447
2017-07-13,2307.493,1888.697
2017-07-14,2354.463,1881.011
2017-07-17,2366.304,1800.539
2017-07-18,2338.4,1811.326
2017-07-19,2330.402,1839.056
2017-07-20,2305.321,1847.974
2017-07-21,2299.674,1845.814
2017-07-24,2334.05,1854.665
2017-07-25,2378.063,1848.592
2017-07-26,2426.464,1843.123
2017-07-27,2416.88,1865.958
2017-07-28,2407.63,1868.372
2017-07-31,2393.539,1879.095
2017-08-01,2381.167,1882.467
2017-08-02,2405.942,1869.316
2017-08-03,2332.823,1869.212
2017-08-04,2267.883,1858.494
2017-08-07,2242.957,1872.289
2017-08-08,2200.609,1879.164
2017-08-09,2272.183,1885.553
2017-08-10,2242.058,1872.596
2017-08-11,2294.721,1842.598
2017-08-14,2336.15,1879.765
2017-08-15,2312.082,1887.283
2017-08-16,2293.294,1898.386
2017-08-17,2266.037,1909.384
2017-08-18,2278.257,1902.253
2017-08-21,2262.356,1916.418
2017-08-22,2292.979,1908.319
2017-08-23,2316.653,1901.995
2017-08-24,2302.672,1890.484
2017-08-25,2296.203,1910.13
2017-08-28,2289.157,1936.76
2017-08-29,2351.33,1932.055
2017-08-30,2351.157,1938.9
2017-08-31,2354.953,1944.939
2017-09-01,2327.508,1956.352
2017-09-04,2341.595,1968.121
2017-09-05,2326.775,1972.138
2017-09-06,2361.349,1979.534
2017-09-07,2312.396,1972.739
2017-09-08,2277.87,1975.869
2017-09-11,2296.31,1991.732
2017-09-12,2293.227,1986.208
2017-09-13,2283.925,1994.976
2017-09-14,2271.136,1993.531
2017-09-15,2286.696,1987.985
2017-09-18,2293.435,2002.741
2017-09-19,2258.787,1995.601
2017-09-20,2284.257,2012.233
2017-09-21,2367.922,1995.422
2017-09-22,2365.229,1988.589
2017-09-25,2442.797,1963.895
2017-09-26,2364.359,1964.03
2017-09-27,2365.807,1979.279
2017-09-28,2340.925,1974.782
2017-09-29,2344.044,1988.491
2017-10-09,2225.748,2014.429
2017-10-10,2215.871,2030.177
2017-10-11,2215.264,2026.469
2017-10-12,2083.367,2023.355
2017-10-13,2111.871,2036.806
2017-10-16,2079.594,2005.945
2017-10-17,2037.151,2008.06
2017-10-18,2053.053,2000.109
2017-10-19,2010.941,1983.717
2017-10-20,2070.864,1999.677
2017-10-23,2163.417,2012.052
2017-10-24,2124.003,2009.652
2017-10-25,2142.016,2025.316
2017-10-26,2189.161,2030.351
2017-10-27,2232.743,2023.499
2017-10-30,2180.688,1988.48
2017-10-31,2220.37,2002.283
2017-11-01,2249.007,2003.443
2017-11-02,2255.239,1989.981
2017-11-03,2278.235,1975.922
2017-11-06,2256.383,1999.302
2017-11-07,2259.188,2012.718
2017-11-08,2247.267,2013.706
2017-11-09,2242.16,2028.691
2017-11-10,2223.017,2039.165
2017-11-13,2257.271,2045.176
2017-11-14,2291.618,2025.783
2017-11-15,2302.256,2005.612
2017-11-16,2319.486,2010.132
2017-11-17,2345.836,1954.298
2017-11-20,2426.31,1971.933
2017-11-21,2371.548,1987.45
2017-11-22,2391.883,1982.282
2017-11-23,2369.915,1924.448
2017-11-24,2297.531,1922.72
2017-11-27,2307.946,1892.822
2017-11-28,2299.438,1918.318
2017-11-29,2351.503,1919.058
2017-11-30,2297.349,1901.855
2017-12-01,2307.295,1916.801
2017-12-04,2341.039,1902.911
2017-12-05,2314.036,1866.981
2017-12-06,2316.103,1879.651
2017-12-07,2291.168,1868.423
2017-12-08,2300.708,1891.509
2017-12-11,2269.345,1919.69
2017-12-12,2323.28,1901.088
2017-12-13,2339.69,1915.773
2017-12-14,2383.281,1915.004
2017-12-15,2334.068,1901.203
2017-12-18,2338.394,1889.132
2017-12-19,2285.452,1905.624
2017-12-20,2278.449,1891.523
2017-12-21,2270.152,1905.048
2017-12-22,2219.644,1901.56
2017-12-25,2213.704,1883.89
2017-12-26,2200.362,1892.017
2017-12-27,2199.154,1878.802
2017-12-28,2174.775,1887.339
2017-12-29,2197.228,1899.343
2018-01-02,2161.866,1919.198
2018-01-03,2155.32,1933.998
2018-01-04,2209.009,1940.955
2018-01-05,2228.391,1941.795
2018-01-08,2217.406,1945.975
2018-01-09,2233.38,1952.177
2018-01-10,2218.388,1945.663
2018-01-11,2232.156,1953.122
2018-01-12,2211.708,1948.932
2018-01-15,2231.435,1913.771
2018-01-16,2239.662,1927.556
2018-01-17,2217.588,1921.743
2018-01-18,2251.302,1924.196
2018-01-19,2245.552,1921.536
2018-01-22,2231.184,1943.905
2018-01-23,2227.902,1950.989
2018-01-24,2227.662,1960.932
2018-01-25,2249.749,1953.297
2018-01-26,2242.418,1950.214
2018-01-29,2262.479,1919.801
2018-01-30,2272.781,1909.57
2018-01-31,2277.668,1877.817
2018-02-01,2297.364,1821.061
2018-02-02,2331.235,1821.528
2018-02-05,2336.387,1806.301
2018-02-06,2370.715,1726.091
2018-02-07,2363.091,1714.392
2018-02-08,2314.765,1734.569
2018-02-09,2380.933,1679.261
2018-02-12,2382.674,1723.727
2018-02-13,2423.228,1730.829
2018-02-14,2391.297,1739.146
2018-02-22,2415.62,1771.966
2018-02-23,2543.752,1775.168
2018-02-26,2524.557,1815.017
2018-02-27,2559.326,1808.915
2018-02-28,2553.613,1811.782
2018-03-01,2578.76,1834.011
2018-03-02,2657.251,1822.214
2018-03-05,2696.793,1830.835
2018-03-06,2696.746,1852.224
2018-03-07,2666.493,1837.869
2018-03-08,2535.417,1856.473
2018-03-09,2577.187,1885.384
2018-03-12,2598.411,1908.837
2018-03-13,2628.133,1895.308
2018-03-14,2569.919,1878.514
2018-03-15,2637.597,1874.41
2018-03-16,2742.836,1863.025
2018-03-19,2734.416,1868.053
2018-03-20,2765.452,1872.332
2018-03-21,2769.026,1858.611
2018-03-22,2778.885,1849.602
2018-03-23,2714.365,1766.611
2018-03-26,2686.734,1790.354
2018-03-27,2727.624,1829.693
2018-03-28,2690.248,1812.356
2018-03-29,2824.994,1830.094
2018-03-30,2925.135,1853.721
2018-04-02,2947.042,1856.663
2018-04-03,2986.529,1842.23
2018-04-04,2986.277,1831.704
2018-04-09,2967.303,1831.825
2018-04-10,3058.274,1841.219
2018-04-11,3019.427,1850.965
2018-04-12,2957.644,1840.271
2018-04-13,2931.092,1834.38
2018-04-16,2904.539,1824.772
2018-04-17,2948.94,1784.555
2018-04-18,2909.838,1803.837
2018-04-19,2876.33,1814.635
2018-04-20,2904.178,1778.338
2018-04-23,2776.467,1764.197
2018-04-24,2779.974,1804.405
2018-04-25,2791.409,1809.259
2018-04-26,2720.921,1770.401
2018-04-27,2682.046,1776.127
2018-05-02,2672.912,1774.899
2018-05-03,2683.547,1792.888
2018-05-04,2502.948,1789.068
2018-05-07,2563.722,1822.183
2018-05-08,2535.554,1836.224
2018-05-09,2490.51,1834.559
2018-05-10,2577.158,1844.038
2018-05-11,2565.536,1825.135
2018-05-14,2538.753,1823.25
2018-05-15,2588.103,1839.878
2018-05-16,2601.529,1832.265
2018-05-17,2520.069,1822.698
2018-05-18,2502.426,1828.786
2018-05-21,2534.646,1848.062
2018-05-22,2522.149,1855.159
2018-05-23,2468.667,1834.717
2018-05-24,2475.608,1827.054
2018-05-25,2508.859,1810.031
2018-05-28,2532.705,1806.081
2018-05-29,2506.071,1786.71
2018-05-30,2480.737,1736.337
2018-05-31,2482.554,1767.55
2018-06-01,2456.912,1746.331
2018-06-04,2434.464,1747.956
2018-06-05,2472.329,1777.725
2018-06-06,2445.231,1779.145
2018-06-07,2488.33,1767.963
2018-06-08,2550.742,1751.399
2018-06-11,2528.013,1741.175
2018-06-12,2514.031,1759.159
2018-06-13,2504.613,1731.428
2018-06-14,2500.841,1721.89
2018-06-15,2481.294,1691.648
2018-06-19,2495.388,1594.045
2018-06-20,2540.623,1612.6
2018-06-21,2553.823,1578.331
2018-06-22,2534.267,1597.39
2018-06-25,2516.945,1587.306
2018-06-26,2504.583,1596.171
2018-06-27,2513.646,1575.574
2018-06-28,2498.1,1556.823
2018-06-29,2562.796,1607.621
2018-07-02,2580.073,1582.262
2018-07-03,2598.411,1594.24
2018-07-04,2632.507,1563.003
2018-07-05,2611.499,1528.672
2018-07-06,2569.485,1535.983
2018-07-09,2565.682,1574.54
2018-07-10,2552.217,1585.777
2018-07-11,2542.984,1554.618
2018-07-12,2568.365,1597.166
2018-07-13,2575.695,1604.452
2018-07-16,2587.222,1602.839
2018-07-17,2601.887,1600.079
2018-07-18,2575.158,1588.117
2018-07-19,2637.841,1575.582
2018-07-20,2623.476,1593.302
2018-07-23,2585.173,1601.693
2018-07-24,2589.847,1625.838
2018-07-25,2590.907,1624.716
2018-07-26,2585.66,1609.729
2018-07-27,2571.267,1599.082
2018-07-30,2585.516,1576.793
2018-07-31,2520.346,1576.407
2018-08-01,2479.527,1549.281
2018-08-02,2442.076,1512.045
2018-08-03,2381.418,1486.058
2018-08-06,2356.926,1455.088
2018-08-07,2377.178,1495.053
2018-08-08,2384.202,1466.696
2018-08-09,2345.882,1505.636
2018-08-10,2386.99,1515.964
2018-08-13,2365.463,1520.71
2018-08-14,2362.323,1513.898
2018-08-15,2381.232,1481.823
2018-08-16,2381.191,1467.116
2018-08-17,2457.486,1442.382
2018-08-20,2466.52,1451.071
2018-08-21,2466.701,1471.279
2018-08-22,2455.437,1454.519
2018-08-23,2447.264,1463.694
2018-08-24,2416.119,1460.331
2018-08-27,2441.199,1496.712
2018-08-28,2439.303,1497.698
2018-08-29,2398.322,1489.286
2018-08-30,2382.564,1467.182
2018-08-31,2402.489,1451.384
2018-09-03,2398.96,1448.927
2018-09-04,2464.987,1465.786
2018-09-05,2468.421,1442.254
2018-09-06,2471.383,1431.862
2018-09-07,2495.17,1433.363
2018-09-10,2492.399,1406.921
2018-09-11,2480.565,1409.338
2018-09-12,2532.099,1403.601
2018-09-13,2510.196,1413.566
2018-09-14,2464.349,1402.509
2018-09-17,2472.546,1380.976
2018-09-18,2472.868,1404.149
2018-09-19,2477.213,1423.22
2018-09-20,2434.027,1420.019
2018-09-21,2431.476,1445.112
2018-09-25,2411.048,1437.314
2018-09-26,2400.255,1447.848
2018-09-27,2392.081,1429.607
2018-09-28,2381.629,1441.539
2018-10-08,2427.673,1386.277
2018-10-09,2474.584,1385.09
2018-10-10,2477.437,1383.048
2018-10-11,2493.881,1293.904
2018-10-12,2520.542,1296.356
2018-10-15,2499.525,1281.079
2018-10-16,2513.131,1256.372
2018-10-17,2506.118,1266.552
2018-10-18,2462.557,1232.006
2018-10-19,2496.65,1263.813
2018-10-22,2493.279,1325.73
2018-10-23,2461.875,1300.29
2018-10-24,2463.322,1297.22
2018-10-25,2485.087,1292.801
2018-10-26,2481.082,1290.62
2018-10-29,2451.234,1264.575
2018-10-30,2435.973,1276.449
2018-10-31,2425.134,1294.221
2018-11-01,2451.071,1306.31
