,date,sse180,rate,sh.600009,sh.600010,sh.600295,sh.600019,sh.600028,sh.600031,sh.600036,sh.600048,sh.600050,sh.600066,sh.600068,sh.600085,sh.600111,sh.601628,sh.600150,sh.600196,sh.600295.1,sh.600406,sh.601933,sh.600536,sh.600547,sh.600598,sh.600600,sh.600690,sh.600875,sh.600887,sh.600895,sh.601006,sh.601877,sh.601899
1,2013-10-08,5275.141,0.01%,14.98,4.08,6.99,4.24,4.47,7.64,10.91,10.38,3.61,18.62,4.12,22.22,28.26,13.96,18.79,13.66,6.99,14.86,14.13,33.21,22.25,12.23,42.65,13.81,11.96,44.9,8.55,7.14,22.62,2.6
2,2013-10-09,5298.426,0.01%,15.15,4.05,6.98,4.23,4.49,7.61,10.96,10.21,3.57,18.29,4.15,22,28.61,13.99,18.4,13.54,6.98,14.69,13.82,36.23,22.14,13.45,42.32,14.31,11.89,46.31,8.55,7.06,22.75,2.59
3,2013-10-10,5228.953,0.01%,14.67,4.03,6.8,4.2,4.44,7.44,10.78,10.14,3.47,17.84,4.19,21.98,27.87,13.67,18.06,14.81,6.8,14.95,14.02,36.36,21.79,12.94,41.9,15.74,11.73,46.76,8.48,7,22.88,2.57
4,2013-10-11,5327.928,0.01%,15.25,4.08,6.99,4.25,4.47,7.58,10.94,10.17,3.5,17.95,4.22,22.24,27.93,13.94,18.56,15.55,6.99,14.94,14.26,35.54,21.93,12.75,43.46,15.82,12.07,46.36,9,7.09,23.15,2.59
5,2013-10-14,5326.885,0.01%,15.87,4.1,7.18,4.26,4.45,7.74,10.8,9.9,3.48,17.82,4.3,22.6,27.13,14.04,18.69,15.37,7.18,14.45,15.23,36.04,21.72,13.34,46.87,15.95,12.29,45.43,8.82,7.3,25.47,2.59
6,2013-10-15,5314.691,0.01%,15.91,4.06,7.13,4.22,4.42,7.9,10.73,9.84,3.52,17.98,4.26,23.14,27.9,14.01,18.37,16.91,7.13,14.5,15.05,38.11,21.86,12.81,46.94,16.03,12.33,46.74,9.7,7.16,26.59,2.59
7,2013-10-16,5222.076,0.01%,15.1,4.02,7,4.21,4.38,7.57,10.73,9.61,3.41,17.47,4.15,22.71,26.99,13.74,17.87,16.9,7,14.19,14.79,37.07,22.5,11.82,46.89,15.39,11.99,46.7,8.74,7.08,26.61,2.63
8,2013-10-17,5201.671,0.01%,15.05,4.09,7.11,4.22,4.38,7.48,10.6,9.64,3.39,17.41,4.2,22.28,26.99,13.7,17.88,16.33,7.11,14.16,14.55,40.03,21.79,12.05,46.44,15.11,11.92,46.65,8.45,6.98,26.69,2.57
9,2013-10-18,5224.235,0.01%,15.01,4.08,7.27,4.23,4.37,7.52,10.63,9.71,3.41,17.36,4.16,22.28,26.97,13.76,18.15,17.96,7.27,14.48,15.02,44.03,22.1,11.92,46.92,15.21,11.76,48.7,8.53,6.97,25.92,2.59
10,2013-10-21,5314.212,0.01%,15.22,4.06,7.33,4.23,4.4,7.55,10.76,9.76,3.46,17.78,4.23,22.35,27.14,13.94,18.2,19.76,7.33,14.28,15.06,48.43,22.13,12.11,48.89,16.73,12.06,51.29,8.79,7.01,27.26,2.62
11,2013-10-22,5259.757,0.01%,14.85,4,7.5,4.2,4.39,7.58,10.63,9.59,3.42,17.83,4.32,22.12,26.77,13.79,17.92,19.58,7.5,13.61,14.46,46.89,21.91,12.11,47.57,16.56,12.12,50.99,8.46,6.97,28.97,2.6
12,2013-10-23,5218.655,0.01%,14.71,3.96,7.24,4.16,4.36,7.44,10.68,9.59,3.37,17.93,4.21,21.72,27.31,13.74,17.75,18.6,7.24,13.41,13.48,43.23,22.01,11.14,46.52,16.21,11.87,48.9,8.23,6.98,27.77,2.6
13,2013-10-24,5172.403,0.01%,14.57,3.93,7.13,4.11,4.32,7.22,10.63,9.42,3.44,17.89,4.18,21.75,26.67,13.5,17.46,19.15,7.13,13.59,13.3,47.55,21.8,10.9,46.2,16.38,11.61,47.57,8.16,6.93,28.61,2.57
14,2013-10-25,5111.499,0.01%,13.98,3.87,6.99,4.04,4.27,7.13,10.61,9.42,3.36,17.77,4.09,21.18,25.8,13.43,17.09,17.84,6.99,13.16,13.18,45,21.43,10.91,45.52,15.39,11.44,45.44,7.7,6.88,28.59,2.51
15,2013-10-28,5111.09,0.01%,14.15,3.9,6.94,4.06,4.28,7.2,10.62,9.19,3.35,17.17,4.15,20.93,25.16,13.56,17.31,17.92,6.94,12.71,13.91,43.27,21.44,12,47.38,16.22,11.41,44.67,7.88,7.07,28.51,2.5
16,2013-10-29,5136.402,0.01%,13.91,3.81,6.79,4.03,4.34,7.05,10.85,9.14,3.33,16.24,4.09,20.28,24.99,13.85,16.85,17.85,6.79,12.23,13.24,41.29,20.98,12.99,47.13,15.82,11.14,44.03,7.61,7.2,27.68,2.47
17,2013-10-30,5202.422,0.01%,14.5,3.84,6.91,4.07,4.49,7.15,10.91,9.34,3.37,16.32,4.19,20.26,25.13,13.99,17.14,18.38,6.91,12.83,13.98,42,20.99,12.81,46.28,16.04,11.32,45.7,7.62,7.37,29,2.48
18,2013-10-31,5127.417,0.01%,14.8,3.92,7.03,4.06,4.51,7.1,10.74,9.51,3.44,15.99,4.2,18.99,25.18,14.02,17.05,17.23,7.03,13.08,13.82,44.03,20.56,11.91,45.49,15.53,11.56,41.13,7.38,7.36,26.1,2.47
19,2013-11-01,5163.11,0.01%,14.91,3.92,6.99,4.08,4.53,7.09,10.91,9.7,3.41,16.29,4.26,18.98,26.4,14.2,17.26,17.23,6.99,13.33,13.83,42.38,20.39,11.45,46.19,15.78,11.58,39.5,7.51,7.48,26.66,2.47
20,2013-11-04,5153.39,0.01%,14.81,3.92,6.97,4.08,4.52,7.07,10.8,9.58,3.4,16.39,4.25,19.16,26.42,14.1,17.29,17.07,6.97,13.27,14.02,42.72,20.37,11.7,45.59,16.46,11.53,39.59,7.46,7.34,25.81,2.47
21,2013-11-05,5151.294,0.01%,14.73,3.92,7.01,4.09,4.62,7.05,10.75,9.51,3.39,16.58,4.21,18.99,27.07,14,17.18,17.47,7.01,12.9,14.13,46.99,20.38,12.87,44.32,16.19,11.64,39.87,7.64,7.4,26.14,2.47
22,2013-11-06,5090.441,0.01%,14.79,3.92,7,4.1,4.72,7.03,10.62,9.31,3.37,16.5,4.14,18.75,27.17,13.79,17.01,16.59,7,12.62,14.12,46.88,20.24,12.75,43.14,16.04,11.35,39.37,7.44,7.36,27,2.46
23,2013-11-07,5067.757,0.01%,14.74,3.92,6.9,4.08,4.79,7.09,10.7,9.24,3.33,15.97,4.13,18.06,26.44,13.76,17.02,16.45,6.9,12.7,13.83,46.58,20.39,12.77,43.01,15.06,11.11,37.65,7.46,7.41,25.84,2.46
24,2013-11-08,4998.117,0.01%,14.67,3.92,6.75,4.06,4.78,7,10.58,9.14,3.31,16.1,4.08,17.67,25.29,13.68,16.81,15.78,6.75,12.39,13.65,42.79,20.01,13.33,42.89,14.81,10.97,37.51,7.61,7.35,24.55,2.43
25,2013-11-11,5016.677,0.01%,15.05,3.92,6.74,4.05,4.77,6.97,10.53,8.95,3.28,15.99,4.08,18.7,24.62,13.75,16.91,16.93,6.74,13.05,13.97,43.11,19.59,12.14,43.06,15.05,10.95,38.98,7.4,7.28,25.09,2.41
26,2013-11-12,5073.589,0.01%,15.11,3.92,6.87,4.07,4.76,7.06,10.68,9.05,3.31,16,4.1,19.23,24.86,14.07,17.29,17.66,6.87,12.94,13.88,41.91,19.74,11.74,43.48,15.45,11.15,39.88,7.63,7.3,25.36,2.43
27,2013-11-13,4955.958,0.01%,14.97,3.92,6.77,4.03,4.68,6.92,10.33,9.05,3.22,15.74,3.95,18.93,24.37,13.73,17.58,17.45,6.77,12.95,13.25,41.97,19.4,11.95,42.78,15.09,11.01,38.91,7.45,7.11,24.82,2.38
28,2013-11-14,4987.409,0.01%,14.88,3.92,6.83,4.01,4.64,6.93,10.26,8.91,3.24,15.59,3.97,19.25,24.75,13.74,18.7,18.53,6.83,12.95,13.33,42.24,19.43,11.59,43.58,15.28,11.12,40.91,7.5,7.25,25.29,2.38
29,2013-11-15,5090.72,0.01%,14.97,3.92,6.91,4.07,4.76,7.07,10.35,9.14,3.28,15.77,4.03,19.39,25.14,14.05,18.66,18.35,6.91,12.95,13.52,43.01,19.73,11.71,44.77,15.73,11.3,41.58,7.79,7.25,25.97,2.42
30,2013-11-18,5283.183,0.01%,15.51,3.92,7.12,4.17,4.94,7.23,11.34,9.36,3.34,16.31,4.11,19.67,25.69,15.46,19.03,19.08,7.12,12.95,13.75,42.89,20.06,12.88,45.68,16.53,11.57,42.29,8.01,7.59,26.37,2.45
31,2013-11-19,5246.533,0.01%,15.5,3.92,7.1,4.14,4.95,7.21,11.02,9.28,3.33,15.94,4.13,19.46,25.49,15.72,18.56,18.51,7.1,12.95,13.62,41.63,19.84,13.26,45.06,16.55,11.55,40.17,8.06,7.63,26.26,2.44
32,2013-11-20,5271.939,0.01%,15.57,3.92,7.19,4.17,4.93,7.24,10.95,9.24,3.37,15.77,4.14,19.36,25.51,15.77,19.33,19.08,7.19,12.95,13.6,41.31,19.84,13.33,46.42,16.82,11.73,40.2,8.1,7.72,26.11,2.46
33,2013-11-21,5236.653,0.01%,15.23,3.92,7.2,4.13,5.02,7.14,10.97,8.96,3.34,15.99,4.11,19.15,25.01,15.4,19.02,18.62,7.2,13.46,13.61,42.2,19.5,14.54,46.38,17.28,11.57,39.46,8.01,7.81,26.62,2.43
34,2013-11-22,5209.632,0.01%,15.37,3.92,7.12,4.11,5.05,7.11,10.98,8.84,3.33,15.86,4.07,18.95,24.84,15.38,19.6,17.84,7.12,13.21,13.59,40.36,19.86,14.03,46.21,16.89,11.61,39.31,7.78,7.77,25.9,2.46
35,2013-11-25,5188.85,0.01%,15.37,3.92,7.14,4.15,4.85,7.15,10.82,8.85,3.29,16.02,4.07,19.07,24.74,15.41,20.31,17.24,7.14,13.3,14.02,37.88,19.51,13.8,44.59,16.53,11.61,38.68,7.7,7.69,25.85,2.42
36,2013-11-26,5184.358,0.01%,15.3,3.92,7.09,4.19,4.72,7.06,10.83,8.74,3.29,16.38,4.06,18.99,24.74,15.47,20.56,17.33,7.09,13.08,14,38.92,19.64,13.92,44.42,17.04,11.62,39.03,8.12,7.73,25.33,2.43
37,2013-11-27,5245.398,0.01%,15.13,3.92,7.2,4.24,4.72,7.08,10.86,8.77,3.32,17.15,4.1,19.17,25.16,15.77,21.19,17.38,7.2,13.6,14.19,39.16,19.6,13.73,44.76,16.88,11.9,39.36,8.04,7.96,25.38,2.43
38,2013-11-28,5295.827,0.01%,15.18,3.92,7.29,4.32,4.8,7.21,10.93,8.94,3.35,17.13,4.14,19.52,27.27,15.81,20.9,17.64,7.29,14.24,14.31,39.7,19.86,13.41,45.38,17.25,11.8,40.51,8.01,7.94,25.54,2.46
39,2013-11-29,5295.078,0.01%,15.08,3.92,7.3,4.3,4.78,7.17,10.91,8.9,3.44,17.17,4.12,19.74,26.51,15.72,21.97,17.39,7.3,14.22,14.24,39.98,19.74,13.66,45.37,17.22,11.86,40.72,8.06,7.91,25.58,2.45
40,2013-12-02,5288.456,0.01%,14.64,3.92,7.09,4.21,5.01,7.03,11.14,8.8,3.41,16.89,4.06,19.16,26.11,16.37,21.24,17.39,7.09,14.15,13.63,35.99,19.41,12.42,43.78,16.62,11.5,38.92,8.25,7.95,24.1,2.41
41,2013-12-03,5325.957,0.01%,14.8,3.92,7.31,4.29,4.93,7.23,11.1,8.9,3.44,17.48,4.09,19.8,26.53,16.23,22.34,17.39,7.31,14.27,13.96,37.39,19.4,13.14,45.34,17.05,12.52,39.89,8.14,7.97,24.87,2.41
42,2013-12-04,5392.66,0.01%,15.26,3.92,7.35,4.39,4.94,7.46,11.13,9,3.5,18.07,4.18,20.4,26.5,16.42,22.36,18.41,7.35,14.68,14.2,37.63,19.5,13.36,45.12,17.99,12.73,40.72,8.48,7.98,25.34,2.43
43,2013-12-05,5379.193,0.01%,15.07,3.92,7.4,4.39,4.93,7.37,11.04,9.05,3.43,18.36,4.16,20.82,26.11,16.37,21.64,18.14,7.4,14.74,14.19,35.69,19.54,13.33,46.38,18.1,12.61,40.1,8.39,7.9,25.17,2.44
44,2013-12-06,5332.983,0.01%,14.95,3.92,7.32,4.4,4.92,7.36,10.98,9,3.39,18.15,4.22,20.7,26.18,16.27,21.6,17.71,7.32,14.6,13.91,35.28,19.45,13.13,46.21,18.1,13.12,39.37,8.38,7.7,25,2.43
45,2013-12-09,5327.314,0.01%,14.88,3.92,7.33,4.44,4.95,7.32,10.9,8.88,3.38,18.08,4.2,20.28,26.18,16.46,21.98,17.94,7.33,14.32,13.99,35.64,19.61,13.38,46.43,18.1,13.15,39.33,8.42,7.75,24.43,2.43
46,2013-12-10,5332.014,0.01%,15.04,3.92,7.29,4.43,4.85,7.24,11.09,8.95,3.38,18.16,4.18,20.3,26.32,16.3,20.82,17.57,7.29,14.27,13.99,35.08,19.6,13.42,46.44,19.91,12.76,39.2,8.45,7.99,23.98,2.43
47,2013-12-11,5239.026,0.01%,14.9,3.92,7.32,4.34,4.74,7.13,11.02,8.79,3.32,17.66,4.11,20.43,25.97,15.66,20.76,17.17,7.32,14.31,13.44,35.68,19.56,13.73,45.25,20.28,12.64,38.68,8.18,7.85,24.2,2.41
48,2013-12-12,5229.324,0.01%,14.81,3.92,7.23,4.31,4.81,7.13,10.92,8.7,3.36,17.83,4.11,20.86,25.31,15.42,20.88,17.63,7.23,14.82,13.41,36.9,19.37,13.43,44.98,19.95,12.66,38.82,8.26,7.67,24.8,2.4
49,2013-12-13,5215.416,0.01%,14.8,3.92,7.19,4.22,4.75,7.1,10.7,8.76,3.33,18.19,4.1,21,25.09,15.54,20.74,17.98,7.19,14.94,13.34,36.59,19.12,13.26,45.64,19.86,12.61,38.75,8.44,7.63,24.51,2.38
50,2013-12-16,5134.365,0.01%,14.51,3.92,7.07,4.18,4.7,7.03,10.62,8.71,3.27,18.26,4.03,20.38,24.24,15.19,21.11,18.07,7.07,14.58,13.25,35.1,18.86,13.08,46.51,20.36,12.24,38.91,8.18,7.49,24.28,2.35
51,2013-12-17,5112.354,0.01%,14.35,3.92,7.1,4.14,4.69,6.95,10.63,8.59,3.25,18.15,4.01,20.4,23.93,15.11,21.95,18.31,7.1,14.41,13.18,34.1,18.8,12.66,45.54,18.95,12.1,39.06,8.04,7.62,24.56,2.35
52,2013-12-18,5111.459,0.01%,14.76,3.92,7.08,4.16,4.67,6.87,10.79,8.59,3.25,17.73,4.02,20.77,24.11,15.13,21.5,19.37,7.08,14.37,13.35,34.17,18.56,12.67,44.85,18.55,12.21,39.68,7.81,7.58,24.49,2.33
53,2013-12-19,5049.469,0.01%,14.73,3.92,7.12,4.1,4.61,6.8,10.7,8.4,3.24,17.54,4,20.4,24.02,14.97,20.72,18.99,7.12,14.42,13.11,34.47,18.35,12.09,45.17,18.63,12.04,39.08,7.55,7.6,24.3,2.33
54,2013-12-20,4927.153,0.01%,14.87,3.92,7.06,4.04,4.55,6.3,10.33,8.08,3.2,17.02,3.92,20.14,21.74,14.51,20.61,18.31,7.06,14.28,13.22,34.49,17.43,12.31,44.96,18.18,11.74,41.45,7.48,7.41,23.88,2.27
55,2013-12-23,4941.992,0.01%,14.93,3.92,7.12,4.02,4.61,6.42,10.27,7.99,3.2,17.45,3.92,20.86,21.95,14.7,21.43,18.99,7.12,14.45,13.65,33.69,17.14,12.05,44.98,19.02,12.11,40.05,7.3,7.43,23.87,2.27
56,2013-12-24,4944.137,0.01%,15.09,3.92,7.31,4.08,4.57,6.38,10.17,8,3.21,17.52,3.99,20.89,21.87,14.75,21.8,18.8,7.31,14.67,13.84,34.94,17.18,12.19,45.45,19.15,12.03,38.79,7.29,7.47,23.79,2.3
57,2013-12-25,4976.708,0.01%,15.02,3.92,8,4.08,4.58,6.42,10.31,8.12,3.22,17.75,3.99,20.84,22.13,14.95,21.93,19.06,8,14.85,13.78,37.81,17.25,12.01,47.39,19.16,12.16,39.15,7.42,7.39,24.29,2.3
58,2013-12-26,4894.078,0.01%,14.6,3.92,8.49,4.04,4.48,6.27,10.15,7.97,3.17,17.62,3.91,20.7,21.38,14.8,21.87,19.52,8.49,14.31,13.83,36.9,17.25,11.19,46.46,18.7,11.78,39.7,7.29,7.32,23.7,2.35
59,2013-12-27,4976.065,0.01%,14.6,3.92,8.33,4.09,4.48,6.38,10.31,8.16,3.2,17.9,3.96,20.87,21.77,15.19,24.06,19.84,8.33,14.6,13.69,37.98,17.25,11.23,47.39,19.48,12.23,39.8,7.4,7.35,24.58,2.33
60,2013-12-30,4970.258,0.01%,14.27,3.92,8.46,4.06,4.43,6.38,10.6,8.03,3.19,17.34,3.95,20.99,21.73,14.98,23.48,19.5,8.46,14.76,13.43,38.09,17.25,11.18,49.77,19.39,12.54,39.48,7.44,7.25,23.96,2.31
61,2013-12-31,5040.27,0.01%,14.32,4.31,8.9,4.09,4.48,6.42,10.89,8.25,3.21,17.56,3.96,21.4,22.27,15.13,24.19,19.59,8.9,14.87,13.29,37.67,17.25,11.31,48.95,19.5,12.57,39.08,7.51,7.39,24.88,2.31
62,2014-01-02,5010.072,0.01%,14.49,4.74,8.94,4.04,4.46,6.38,10.73,8.18,3.23,17.52,3.94,21.46,22.14,14.96,23.93,19.1,8.94,14.68,14.06,36.76,18.05,11.18,47.81,19.25,12.43,36.93,7.46,7.45,24.67,2.33
63,2014-01-03,4935.223,0.01%,14.18,5.21,8.75,4.01,4.38,6.29,10.51,8.11,3.17,17.65,3.94,20.79,22.8,14.57,23.43,18.69,8.75,14.73,14.26,38.35,18.06,10.84,47.59,18.67,12.06,37.01,7.17,7.69,24.09,2.3
64,2014-01-06,4834.822,0.01%,13.63,4.9,8.76,3.9,4.48,6.07,10.46,7.65,3.08,17.29,3.83,20.24,22.5,14.78,22.47,17.72,8.76,14.81,13.71,37.45,17.48,10.19,46.7,18.58,11.66,36.92,6.84,7.45,24.5,2.27
65,2014-01-07,4834.689,0.01%,13.66,4.78,8.75,3.89,4.4,6.03,10.52,7.58,3.09,17.32,3.83,20,22.11,14.74,22.61,17.93,8.75,15.5,13.76,37.16,17.35,10.29,46.51,18.47,11.7,37.49,6.88,7.28,25.4,2.27
66,2014-01-08,4847.13,0.01%,13.9,4.61,8.93,3.83,4.39,6.01,10.63,7.51,3.05,17.12,3.8,20.23,21.85,14.69,22.88,18.76,8.93,15.62,14.19,39.63,16.67,10.11,46.51,18.57,11.45,39,6.73,7.29,26.31,2.24
67,2014-01-09,4806.933,0.01%,14,4.48,9.52,3.79,4.4,5.95,10.7,7.66,3.02,17.02,3.75,20.02,21.51,14.31,22,18.39,9.52,15.41,13.93,41.11,16.46,10.13,45.44,17.93,11.23,37.51,6.79,7.25,25.81,2.21
68,2014-01-10,4780.188,0.01%,13.86,4.31,9.15,3.78,4.42,5.77,10.8,7.66,3,16.97,3.72,19.24,21.5,14.3,20.89,18.49,9.15,14.89,13.93,40.36,16.49,10.06,44.93,18.19,11.24,39.01,6.68,7.24,25.35,2.2
69,2014-01-13,4763.282,0.01%,13.87,4.33,8.63,3.84,4.48,5.81,10.88,7.52,3.01,17.22,3.72,19.22,21.69,14.17,21.08,17.11,8.63,14.99,14.7,39.49,16.47,10,44.49,18,11.08,38.45,6.44,7.17,24.83,2.24
70,2014-01-14,4795.301,0.01%,14.1,4.36,8.77,3.91,4.59,5.83,10.75,7.58,3.04,17.81,3.75,19.49,21.67,14.24,21.82,17.89,8.77,15.01,14.95,39.49,16.25,10.28,44.06,19.11,11.18,38.74,6.51,7.06,25.19,2.23
71,2014-01-15,4784.156,0.01%,14.02,4.24,8.75,3.86,4.65,5.78,10.59,7.5,3.03,18.19,3.82,19.83,21.46,14.26,21.43,18.72,8.75,15.17,14.91,39.39,15.83,10.6,43.98,19.9,11.28,38.99,6.41,7.19,25.32,2.22
72,2014-01-16,4790.682,0.01%,13.91,4.38,8.22,3.87,4.62,5.86,10.55,7.53,3.01,18.4,3.86,19.91,22.01,14.4,21.03,18.47,8.22,14.86,15.09,36.87,15.89,10.46,45.15,20,11.26,38.91,6.4,7.12,25.71,2.23
73,2014-01-17,4726.108,0.01%,13.49,4.45,7.89,3.74,4.66,5.76,10.57,7.45,2.99,18.28,3.85,19.73,21.35,14.6,20.65,17.67,7.89,14.33,14.62,34.5,15.33,10.09,43.93,19.94,10.98,37.58,6.24,7.04,25.2,2.21
74,2014-01-20,4694.379,0.01%,13.55,4.41,7.97,3.73,4.62,5.73,10.47,7.44,2.98,17.59,3.82,19.43,20.81,14.22,21.39,17.6,7.97,14.1,14.69,33.2,15.46,10.18,43.03,19.75,11,36.75,6.22,7.04,24.32,2.21
75,2014-01-21,4744.946,0.01%,13.51,4.36,7.9,3.74,4.61,5.77,10.53,7.54,3.01,17.69,3.83,19.98,20.93,14.3,20.99,17.6,7.9,14.21,15.04,34.02,15.48,10.19,43.11,20.03,11.33,36.5,6.34,7.1,23.28,2.22
76,2014-01-22,4863.155,0.01%,13.83,4.46,8.12,3.82,4.65,6.02,10.7,8.09,3.05,18.09,3.89,20.1,21.61,14.64,21.94,17.87,8.12,14.62,15.11,34.77,15.86,10.48,43.74,20.77,11.47,37.5,6.59,7.23,24.04,2.25
77,2014-01-23,4832.891,0.01%,13.65,4.34,8.01,3.76,4.58,5.96,10.52,7.94,3.02,18.48,3.86,19.92,21.32,14.51,22.06,17.68,8.01,14.54,14.84,36.68,15.85,10.47,43.54,21.19,11.41,38.78,6.64,7.26,24.65,2.23
78,2014-01-24,4852.582,0.01%,13.56,4.29,8.06,3.78,4.6,5.98,10.43,8.18,3.03,18.19,3.88,19.54,21.56,14.35,21.95,18.01,8.06,14.59,15.19,37.04,16.31,10.53,43.05,21.8,11.43,38.54,7,7.36,24.56,2.27
79,2014-01-27,4790.248,0.01%,13.33,4.18,7.87,3.76,4.52,5.96,10.33,8.04,2.99,17.97,3.83,19.07,21.28,13.76,21.84,17.72,7.87,14.74,15.15,39.61,16.73,10.37,42,21.43,11.09,37.32,6.84,7.2,23.83,2.26
80,2014-01-28,4804.551,0.01%,13.32,4.19,7.78,3.77,4.49,6,10.44,8.04,3.03,18.18,3.82,19.13,21.38,13.82,21.37,18.24,7.78,14.6,14.7,39.84,16.38,9.33,40.96,21.16,11.23,37.18,6.86,7.18,23.9,2.25
81,2014-01-29,4831.654,0.01%,13.41,4.15,7.82,3.82,4.49,5.97,10.51,7.94,3.04,18.16,3.84,18.98,21.24,13.89,21.67,18.46,7.82,14.53,14.72,40.46,16.25,8.41,40.36,21.56,11.24,36.25,6.81,7.19,24.44,2.25
82,2014-01-30,4782.29,0.01%,13.35,3.99,7.93,3.79,4.46,5.94,10.36,7.77,3,17.94,3.83,18.58,20.89,13.72,21.8,17.95,7.93,14.1,14.41,39.27,16.49,8.2,41.98,21.18,11.07,35.45,6.75,7.26,24.08,2.24
83,2014-02-07,4797.888,0.01%,13.3,4,8.07,3.79,4.47,5.9,10.33,7.84,3.03,18.01,3.84,18.7,21,13.57,23.98,17.78,8.07,14.25,14.51,39.03,16.23,8.42,41.92,21.5,11.33,36.65,6.69,7.3,24.15,2.23
84,2014-02-10,4908.934,0.01%,13.66,4.15,8.19,3.83,4.52,6.05,10.43,7.99,3.06,19.4,3.91,19.1,22.45,13.85,24,18.84,8.19,15.48,14.72,40.07,16.67,8.55,42.55,22.35,11.69,37.75,6.94,7.34,25.69,2.25
85,2014-02-11,4957.042,0.01%,13.82,4.13,8.11,3.84,4.54,6.25,10.57,8.04,3.08,19.29,3.91,19.89,22.22,14.04,23.73,18.89,8.11,15.23,14.51,38.99,17.25,8.73,43.41,21.37,11.65,38.05,7.16,7.38,25.57,2.31
86,2014-02-12,4959.893,0.01%,13.71,4.16,8.15,3.84,4.52,6.19,10.51,8.01,3.09,18.93,3.91,19.91,22.34,14.01,23.7,19.04,8.15,15.14,14.48,38.35,17.24,9.6,42.38,21.34,11.72,37.46,7.11,7.38,25.95,2.29
87,2014-02-13,4938.74,0.01%,13.72,4.09,8.04,3.83,4.5,6.11,10.53,7.85,3.07,19.45,3.89,19.61,22.36,14.02,22.91,19.17,8.04,15.11,14.01,36.88,17.29,9.36,41.95,20.8,11.72,37.07,7.13,7.46,25.54,2.41
88,2014-02-14,4973.208,0.01%,13.79,4.2,8.13,3.85,4.53,6.16,10.52,7.79,3.08,19.59,3.91,19.69,22.54,14.05,23.14,20.08,8.13,15.07,14.2,36.09,17.38,9.52,41.82,20.93,11.9,36.99,7.25,7.77,26.08,2.41
89,2014-02-17,5001.163,0.01%,13.74,4.22,8.39,3.86,4.57,6.15,10.51,7.69,3.15,19.78,4.03,19.72,22.65,14.49,23.73,20.08,8.39,16.01,14.3,37.46,17.81,9.53,41.51,20.98,12.29,37,7.25,7.57,26.6,2.43
90,2014-02-18,4936.453,0.01%,13.6,4.15,8.37,3.82,4.53,6.05,10.32,7.53,3.08,19.16,4.07,19.24,22.14,14.1,23.67,21.82,8.37,16.12,14.41,38.52,17.27,9.96,40.54,21.54,12.39,36.53,7.29,7.44,28.07,2.37
91,2014-02-19,4998.372,0.01%,13.65,4.3,8.35,3.84,4.7,6.1,10.51,7.62,3.12,18.83,4.09,19.13,22.16,14.45,22.94,21.78,8.35,16.36,14.2,38.29,17.48,10.17,40.53,21.8,12.37,36.41,7.3,7.41,28.48,2.38
92,2014-02-20,4951.771,0.01%,13.8,4.28,8.51,3.85,5.17,6.12,10.35,7.55,3.14,18.42,4.11,19.35,22.08,14.2,22.54,21.95,8.51,16.27,13.79,37.07,17.17,9.89,41.37,21.58,12.06,37.01,7.15,7.36,28.35,2.39
93,2014-02-21,4904.313,0.01%,13.61,4.19,8.39,3.82,5.01,5.99,10.32,7.4,3.14,18.46,4.03,19.1,21.76,14.16,22.59,21.52,8.39,16.18,13.45,40.51,16.88,10.04,40.79,20.7,11.88,36.6,7.05,7.17,27.38,2.37
94,2014-02-24,4795.724,0.01%,13.18,4.34,7.99,3.74,4.82,5.82,10.08,6.77,3.07,17.52,3.95,18.93,21.12,13.91,21.48,23.67,7.99,16.77,13.37,40.04,16.62,9.94,39.67,18.63,11.57,35.64,6.71,7.05,27,2.33
95,2014-02-25,4680.554,0.01%,12.88,4.25,7.56,3.7,4.89,5.7,9.94,6.67,3.01,17.09,3.86,18.49,20.82,13.68,20.56,22.99,7.56,16.38,13.18,37.38,16.58,9.19,39.99,17.9,11.29,34.71,6.45,7.07,25.85,2.32
96,2014-02-26,4690.612,0.01%,12.83,4.37,7.44,3.66,5.07,5.76,10.02,6.75,3.03,17.19,3.85,18.61,21.41,13.75,20.93,23.65,7.44,17.9,13.11,36.76,18.24,9.44,40.01,17.74,11.42,33.97,6.49,7.05,26.14,2.43
97,2014-02-27,4695.092,0.01%,12.84,4.37,7.34,3.72,5.41,5.71,10.02,6.68,3.08,17.59,3.87,18.29,20.75,13.86,21.16,22.6,7.34,17.63,12.51,35.8,17.95,9.44,39.61,17.91,11.63,33.41,6.72,7.01,26.85,2.36
98,2014-02-28,4732.958,0.01%,12.83,4.37,7.46,3.68,5.37,5.75,9.93,6.75,3.06,18.1,3.88,18.43,21,13.85,21.39,21.75,7.46,18.74,13.01,38.04,18.85,9.29,40.82,18.25,11.7,35.12,6.63,6.8,26.09,2.38
99,2014-03-03,4753.75,0.01%,12.98,4.33,7.65,3.69,5.38,5.78,9.82,6.65,3.26,18.69,3.92,18.48,21.05,13.91,21.72,22.57,7.65,18.91,13.27,39.78,19.39,9.55,41.01,18.58,12.17,35.75,6.81,6.83,26.18,2.42
100,2014-03-04,4750.242,0.01%,13.02,4.26,7.55,3.68,5.33,5.82,9.75,6.78,3.28,17.59,3.9,18.28,21.19,14.02,21.72,23.44,7.55,18.33,13.29,41.27,18.93,9.63,40.57,18.05,12.07,34.71,6.76,6.81,26.28,2.43
101,2014-03-05,4702.554,0.01%,13.02,4.29,7.74,3.66,5.1,5.78,9.63,6.65,3.23,17.39,3.93,18.17,20.96,13.7,21.65,22.9,7.74,17.82,13.43,42.13,18.37,9.76,39.8,17.51,11.94,34.48,6.69,6.74,26.28,2.35
102,2014-03-06,4723.002,0.01%,13.05,4.29,7.73,3.66,5.22,5.79,9.73,7.01,3.23,17.33,4,18.23,20.8,13.89,21.07,23.13,7.73,17.67,13.34,41.6,18.12,9.52,39.7,17.15,11.91,33.99,6.78,6.74,27.75,2.34
103,2014-03-07,4712.907,0.01%,13.06,4.29,7.76,3.64,5.35,5.73,9.68,6.91,3.25,17.66,4.02,18.56,21.04,13.61,21.13,22.7,7.76,18.14,13.12,39.98,18.52,9.19,40.73,17.52,12.06,34.85,6.91,6.72,27.63,2.35
104,2014-03-10,4559.511,0.01%,12.74,4.07,7.48,3.56,5.2,5.53,9.47,6.58,3.17,17.09,3.87,18.14,20.18,13.11,19.25,21.6,7.48,16.64,12.62,38.11,17.28,8.56,40.73,16.91,11.97,36.11,6.53,6.53,26.82,2.26
105,2014-03-11,4575.77,0.01%,12.52,4.02,7.41,3.61,5.22,5.54,9.49,6.87,3.15,17.09,3.97,18.27,20.15,13.07,18.66,21.69,7.41,16.23,12.5,37.59,17.52,8.54,41.99,16.64,12.48,36.37,6.52,6.44,26.57,2.26
106,2014-03-12,4590.941,0.01%,12.49,4.05,7.47,3.61,4.97,5.58,9.61,7.06,3.08,16.75,3.98,18.24,20.19,13.14,18.85,21.92,7.47,16.28,12.57,37.56,18.46,8.44,42.07,16.62,12.29,36.32,6.55,6.42,26.51,2.29
107,2014-03-13,4646.631,0.01%,12.43,4.16,7.53,3.62,4.98,5.62,9.67,7.11,3.08,16.8,3.96,18.25,20.26,13.18,19.06,21.62,7.53,16.18,12.53,38.45,18.39,8.49,41.83,17.03,12.78,37.87,6.56,6.43,26.33,2.31
108,2014-03-14,4610.235,0.01%,12.25,4.11,7.48,3.59,4.97,5.79,9.56,6.99,3.08,16.41,3.9,18.16,20.13,13.09,18.47,21.42,7.48,15.97,12.59,39.08,18.58,8.34,39.63,17.22,12.69,37.54,6.45,6.29,26.39,2.3
109,2014-03-17,4647.787,0.01%,12.48,4.11,7.73,3.62,5.07,5.76,9.59,7.08,3.09,16.8,3.91,18.16,20.34,13.39,18.84,22.99,7.73,16.39,13.02,39.49,18.88,7.75,39.54,17.01,12.74,37.26,6.52,6.38,26.34,2.31
110,2014-03-18,4640.989,0.01%,12.48,4.06,7.85,3.63,5.02,5.68,9.59,6.88,3.06,16.73,3.93,18.36,20.23,13.35,18.87,23.55,7.85,16.22,12.91,40,18.11,7.7,39.4,17.17,12.47,37.6,6.64,6.39,25.3,2.29
111,2014-03-19,4610.746,0.01%,12.55,4.03,7.97,3.61,5.05,5.61,9.55,6.77,3.07,15.98,3.89,18.08,19.97,13.18,18.81,23.04,7.97,15.11,12.61,40.89,17.72,7.58,38.78,16.63,12.65,35.92,6.63,6.34,25,2.27
112,2014-03-20,4545.138,0.01%,12.37,3.96,7.66,3.58,5.07,5.56,9.46,6.74,3.02,15.22,3.82,17.64,19.44,13.11,17.7,21.52,7.66,14.97,12.3,39.81,17.03,7.49,38.79,15.31,12.13,35.33,6.54,6.38,23.98,2.25
113,2014-03-21,4708.869,0.01%,12.56,4.05,7.83,3.65,5.24,5.71,9.84,7.2,3.09,15.57,3.94,17.71,19.98,13.47,18.2,21.65,7.83,15.39,12.48,39.83,17.22,7.56,39.18,16.21,12.8,36.44,6.73,6.58,23.77,2.28
114,2014-03-24,4752.598,0.01%,12.79,4.09,7.85,3.78,5.22,5.79,9.84,7.45,3.12,15.47,3.95,17.71,20.18,13.65,18.3,21.08,7.85,15.4,12.39,40.68,17.05,7.42,39.53,15.87,13.08,35.75,6.93,6.65,24.8,2.3
115,2014-03-25,4747.145,0.01%,12.94,4.07,7.76,3.78,5.17,5.75,9.79,7.49,3.11,15.86,3.99,18.06,20.06,13.6,18.54,21.08,7.76,15.47,12.48,41.3,16.97,7.69,39.62,16.03,12.85,35.97,7.35,6.71,24.6,2.3
116,2014-03-26,4735.881,0.01%,12.93,4.12,7.7,3.76,5.15,5.72,9.8,7.42,3.09,16.39,3.98,18.04,20.98,13.53,18.39,21.44,7.7,15.96,12.36,39.83,17.09,7.73,38.63,16.03,12.87,36.18,7.12,6.63,24.92,2.29
117,2014-03-27,4711.743,0.01%,12.84,4.09,7.81,3.8,5.04,5.66,9.79,7.41,3.06,16.26,3.95,17.76,20.43,13.43,18.01,20.44,7.81,15.53,12.16,38.39,16.7,7.73,37.98,15.71,12.54,35.26,7.13,6.7,24.83,2.26
118,2014-03-28,4711.144,0.01%,12.98,4.09,7.74,3.81,5.02,5.61,9.86,7.71,3.09,16.07,3.96,17.62,20.24,13.46,17.72,19.88,7.74,14.61,12.2,37.65,16.55,7.34,38.18,16.23,12.67,35.03,7.04,6.68,24.8,2.27
119,2014-03-31,4694.38,0.01%,12.57,4.02,7.6,3.85,5.03,5.56,9.82,7.61,3.06,16.06,3.87,17.35,20.02,13.43,18.5,20.03,7.6,14.12,12.32,38.2,16.74,6.97,38.21,16.24,12.5,35.83,6.83,6.68,24.49,2.25
120,2014-04-01,4723.718,0.01%,12.57,4.04,7.61,3.92,5.04,5.65,9.88,7.7,3.06,16.19,3.88,17.51,20.19,13.48,18.53,20.49,7.61,14.29,12.38,38.2,16.76,6.65,38.3,16.25,12.61,36.82,6.88,6.7,24.4,2.26
121,2014-04-02,4768.839,0.01%,12.58,4.06,7.67,3.97,5.09,5.73,9.97,8.24,3.09,15.91,3.9,17.45,20.23,13.74,18.62,19.48,7.67,14.13,12.31,36.15,16.85,6.72,38.7,16.36,12.8,36.24,7.1,6.75,24.66,2.27
122,2014-04-03,4728.295,0.01%,12.51,4,7.55,3.88,5.07,5.69,9.88,8.11,3.07,15.88,3.86,17.5,20.05,13.75,18.48,19.22,7.55,14.24,12.47,35.87,16.89,7.02,37.96,16,12.48,36,6.87,6.57,24.67,2.26
123,2014-04-04,4773.133,0.01%,12.54,4.07,7.63,3.93,5.04,5.72,9.95,8.16,3.07,15.98,3.88,17.63,20.82,13.8,18.79,19.59,7.63,14.36,12.56,36.16,16.81,7,38.59,16.07,12.55,36.89,6.96,6.65,24.99,2.26
124,2014-04-08,4898.91,0.01%,12.74,4.09,7.8,4,5.14,5.79,10.24,8.37,3.12,16.16,3.91,17.91,21.2,14.16,19.97,19.85,7.8,14.8,12.91,35.95,17.26,7,39.16,16.93,12.86,38.96,6.98,6.65,25.29,2.29
125,2014-04-09,4897.358,0.01%,12.82,4.1,7.83,3.96,5.31,5.78,10.18,8.23,3.13,16.3,3.91,17.9,21.33,14.07,19.97,20.73,7.83,14.8,12.77,36.4,17.3,7.15,39.45,17.05,12.88,38.74,7.01,6.7,25.25,2.29
126,2014-04-10,4994.679,0.01%,13.01,4.12,7.85,4.07,5.36,5.92,10.41,8.11,3.17,16.44,3.97,17.78,21.28,14.81,20.01,20.66,7.85,15,12.92,36.48,17.35,7.16,41.8,17.09,13.11,39.22,7.04,6.88,25.26,2.31
127,2014-04-11,4981.516,0.01%,13.35,4.09,8.2,4.12,5.32,5.83,10.39,8.01,3.16,16.84,3.94,18.39,20.93,14.74,20.4,20.26,8.2,14.78,12.87,35.46,17.32,7.19,40.94,17.09,12.89,39.53,7.01,7.09,24.63,2.29
128,2014-04-14,4969.932,0.01%,13.26,4.06,8.2,4.07,5.44,5.79,10.31,8.07,3.14,16.89,3.95,18.22,21.08,14.56,20.46,19.94,8.2,15.33,6.52,35.04,17.42,7.36,40.49,17.31,13.18,39.76,7.02,7.06,24.75,2.3
129,2014-04-15,4880.204,0.01%,13.07,4.02,8.15,3.98,5.29,5.71,10.06,7.79,3.1,16.89,3.9,17.85,21.01,14.24,19.7,19.9,8.15,14.91,6.27,34.68,16.87,7.42,40.51,16.78,12.89,38.45,7.02,6.94,25,2.27
130,2014-04-16,4889.383,0.01%,13.1,4.02,8.16,3.99,5.26,5.72,10.11,7.85,3.12,16.89,3.9,17.8,20.14,14.26,19.31,19.52,8.16,14.93,6.28,34.84,16.72,7.34,40.38,16.46,12.84,38.48,7.01,6.88,24.63,2.27
131,2014-04-17,4868.581,0.01%,13.18,3.99,8.07,3.99,5.24,5.67,10.09,7.73,3.12,16.89,3.94,17.64,20.01,14.17,19.51,19.78,8.07,14.85,6.26,34.59,16.7,7.26,40.45,16.7,12.84,37.81,7.08,6.84,24.67,2.26
132,2014-04-18,4868.364,0.01%,13.07,4.02,8.11,3.95,5.23,5.64,10.01,7.72,3.14,16.89,3.91,17.67,20.07,14.18,19.87,19.67,8.11,15.22,6.2,34.81,16.72,7.35,41.16,16.19,12.86,37.8,7.08,6.83,24.57,2.26
133,2014-04-21,4783.905,0.01%,12.8,3.93,7.8,3.9,5.13,5.59,9.84,7.56,3.08,16.89,3.89,17.46,19.8,13.96,19.56,19.44,7.8,14.76,6.11,34.73,16.49,7.28,40.08,16.02,12.72,36.8,6.91,6.73,24.51,2.24
134,2014-04-22,4812.053,0.01%,12.88,3.91,7.76,3.9,5.23,5.61,9.94,7.67,3.16,16.89,3.86,17.4,19.63,14.07,19.32,19.67,7.76,14.38,6.37,33.84,16.45,7.1,40.2,15.82,12.54,36.34,7.17,6.73,24.28,2.23
135,2014-04-23,4798.981,0.01%,12.86,3.9,7.67,3.9,5.22,5.58,9.93,7.68,3.1,16.89,3.85,17.4,19.6,13.95,19.91,20.24,7.67,14,6.2,32.49,16.33,7.08,40.13,15.64,12.52,36.47,7.06,6.79,24.33,2.23
136,2014-04-24,4792.667,0.01%,13.31,3.86,7.7,3.91,5.19,5.55,9.99,7.89,3.09,16.89,3.83,17.4,19.33,13.91,19.37,19.68,7.7,14.14,6.26,31.52,16.58,7.13,39.63,15.72,12.33,36.58,6.84,6.73,24.32,2.23
137,2014-04-25,4749.667,0.01%,13.07,3.78,7.56,3.89,5.07,5.47,10.07,7.78,3.06,16.89,3.8,17.17,19.32,13.83,18.88,19.3,7.56,13.96,6.21,30.06,16.47,7.26,38.88,15.29,12.1,35.27,6.65,6.69,24.34,2.21
138,2014-04-28,4677.366,0.01%,12.77,3.7,7.33,3.88,5.07,5.28,10.06,7.55,3.04,16.89,3.72,17.05,19.33,13.44,18.26,18.35,7.33,13.7,5.97,28.43,16.03,7.13,38.31,15.01,11.9,34.39,6.38,6.65,24.44,2.2
139,2014-04-29,4723.903,0.01%,13.02,3.68,7.42,3.88,5.02,5.29,10.11,7.52,3.07,16.89,3.75,17.01,19.5,13.49,18.62,18.73,7.42,14.18,6.02,27.1,15.92,7.21,39.44,15.37,11.95,35.5,6.52,6.63,23.56,2.2
140,2014-04-30,4726.878,0.01%,13.23,3.65,7.41,3.88,5.02,5.24,10.03,7.64,3.18,16.89,3.79,16.99,19.34,13.61,18.58,18.92,7.41,14.02,6.05,27.38,16.05,7.35,40.12,15.35,11.71,37.1,6.59,6.66,23.17,2.22
141,2014-05-05,4717.177,0.01%,13.25,3.64,7.5,3.91,5.04,5.26,9.94,7.38,3.12,16.89,3.84,17.01,19.22,13.54,18.93,19.13,7.5,13.68,6.02,27.41,16.14,7.51,40.29,15.22,11.86,37.66,6.61,6.63,23,2.23
142,2014-05-06,4717.387,0.01%,13.27,3.9,7.5,3.91,5.03,5.28,9.87,7.28,3.15,16.89,3.87,16.96,19.47,13.51,19.27,19.31,7.5,13.68,6.03,27.7,15.99,7.4,39.71,15.12,11.88,37.67,6.57,6.64,23.08,2.22
143,2014-05-07,4676.704,0.01%,13.29,3.72,7.5,3.87,4.94,5.2,9.86,7.19,3.16,16.89,3.81,16.66,19.15,13.5,19.22,18.7,7.5,13.07,5.99,26.02,15.82,7.34,39.53,14.62,11.69,36.49,6.47,6.68,22.83,2.2
144,2014-05-08,4685.362,0.01%,13.43,3.69,7.5,3.9,4.96,5.21,9.89,7.19,3.22,16.89,3.82,16.66,19.18,13.45,19.47,18.71,7.5,12.93,6.03,26.05,15.76,7.27,39.95,14.46,11.78,36.17,6.51,6.69,22.88,2.2
145,2014-05-09,4680.362,0.01%,13.25,3.71,7.5,3.89,4.96,5.27,9.91,7.1,3.23,16.89,3.79,16.66,19.53,13.51,19.55,18.25,7.5,12.96,5.94,25.11,15.88,7.11,39.6,14.29,11.57,35.95,6.44,6.7,22.21,2.22
146,2014-05-12,4778.403,0.01%,13.56,3.9,7.5,3.98,5.07,5.44,10.03,7.19,3.25,16.89,3.87,16.93,20.57,13.85,19.77,18.97,7.5,13.35,6.03,26.43,16.52,7.21,40.68,14.52,11.96,36.37,6.62,6.81,22.43,2.27
147,2014-05-13,4768.931,0.01%,13.88,3.81,7.38,3.94,5.1,5.33,9.99,7.4,3.36,16.89,3.87,16.85,19.98,13.71,19.94,18.92,7.38,13.27,6.02,26.27,16.25,7.17,40.71,14.79,11.87,36.86,6.6,6.75,22.27,2.25
148,2014-05-14,4761.145,0.01%,13.79,3.86,7.38,3.92,5.13,5.35,9.99,7.52,3.32,16.89,3.85,16.73,19.82,13.79,19.62,19.1,7.38,13.33,5.98,26.23,16.16,7.15,41.05,14.44,11.73,36.22,6.61,6.75,22.49,2.24
149,2014-05-15,4708,0.01%,13.74,3.83,7.38,3.86,5.03,5.26,9.98,7.37,3.24,16.89,3.82,16.59,19.5,13.71,19.88,19.09,7.38,13.27,5.87,26.52,16.01,7.09,39.9,14.04,11.52,35.69,6.51,6.73,21.88,2.21
150,2014-05-16,4709.726,0.01%,13.55,3.74,7.38,3.87,5.03,5.37,10.03,7.49,3.24,16.89,3.84,16.74,19.5,13.66,19.98,19.01,7.38,13.27,5.88,25.99,15.9,7.12,40.72,14.31,11.66,35.47,6.52,6.74,21.59,2.21
151,2014-05-19,4634.08,0.01%,13.44,3.71,7.38,3.86,4.99,5.27,9.86,7.42,3.21,16.89,3.8,16.54,19.41,13.42,19.93,18.49,7.38,12.9,5.85,26.03,15.82,7.17,41.29,14.09,11.47,35,6.45,6.66,21.56,2.21
152,2014-05-20,4638.288,0.01%,13.48,3.69,7.38,3.86,5,5.28,9.88,7.45,3.19,16.89,3.82,16.48,19.24,13.55,19.01,18.46,7.38,12.8,5.9,28.63,15.75,7.16,41.62,13.81,11.5,34.83,6.42,6.64,20.5,2.21
153,2014-05-21,4682.505,0.01%,13.58,3.75,7.38,3.86,5.11,5.3,9.95,7.54,3.2,16.89,3.85,16.56,19.37,13.67,19.12,18.66,7.38,12.9,5.99,15.71,15.82,7.13,42.7,14.08,11.6,35.04,6.46,6.71,20.81,2.21
154,2014-05-22,4671.175,0.01%,13.39,3.7,7.38,3.86,5.09,5.27,9.96,4.86,3.21,15.81,3.86,16.67,19.19,13.69,19,18.83,7.38,12.85,6.02,17.28,15.79,7.06,42.79,14.16,11.61,34.67,6.46,6.71,20.53,2.2
155,2014-05-23,4710.315,0.01%,13.42,3.7,7.38,3.87,5.11,5.29,10.07,5.07,3.22,15.29,3.85,16.78,19.26,13.8,19.16,18.99,7.38,13,6.02,19.01,15.91,7.09,43.18,14.63,11.71,35.08,6.52,6.71,20.65,2.22
156,2014-05-26,4721.801,0.01%,13.47,3.74,7.38,3.94,5.07,5.3,10.08,5.03,3.2,15.29,3.87,17,19.29,13.79,19.44,19.61,7.38,13.39,6.12,18.75,15.84,7.12,42.86,14.61,11.76,35.35,6.53,6.72,21.3,2.21
157,2014-05-27,4702.057,0.01%,13.22,3.71,7.38,3.94,5.04,5.25,10.11,5.08,3.16,15.92,3.87,16.91,19.2,13.76,19.24,19.22,7.38,13.36,6.24,19.44,15.78,7.05,42.12,14.66,11.67,34.8,6.48,6.68,20.97,2.2
158,2014-05-28,4743.024,0.01%,13.4,3.72,7.38,3.95,5.07,5.28,10.2,5.17,3.2,15.91,3.9,16.9,19.34,13.96,19.15,19.47,7.38,13.57,6.23,21.38,15.67,7.07,42.86,15.01,11.81,34.69,6.54,6.71,21.06,2.2
159,2014-05-29,4715.576,0.01%,13.27,3.67,7.38,3.96,5.11,5.22,10.15,5.1,3.18,15.66,3.86,16.88,19.16,14.04,18.94,19.72,7.38,13.29,6.25,22.58,15.45,6.87,42.12,15.04,11.56,34.38,6.57,6.7,21.23,2.19
160,2014-05-30,4711.718,0.01%,13.33,3.7,7.38,3.94,5.1,5.21,10.15,5.02,3.22,15.51,3.84,16.87,19.29,14,19.42,19.79,7.38,13.16,6.35,22.48,15.46,6.91,42.5,15.05,11.6,33.95,6.54,6.71,21.07,2.19
161,2014-06-03,4696.8,0.01%,13.2,3.69,7.38,3.93,5.04,5.2,10.18,5,3.16,15.57,3.81,16.76,19.18,14.02,19.6,19.98,7.38,12.98,6.34,21.11,15.53,6.79,42.05,15.08,11.53,31.32,6.49,6.7,20.71,2.19
162,2014-06-04,4654.665,0.01%,12.9,3.66,7.38,3.92,5.04,5.12,10.1,4.86,3.15,15.23,3.79,16.63,18.82,13.88,19.43,19.42,7.38,12.83,6.19,21.2,15.39,6.8,41.58,14.65,11.51,32.05,6.37,6.7,19.93,2.18
163,2014-06-05,4706.406,0.01%,12.95,3.71,7.38,3.93,5.03,5.16,10.16,4.93,3.18,15.08,3.82,16.69,19.4,14.21,19.74,19.68,7.38,13.09,6.29,21.55,15.43,6.83,41.6,15.03,11.57,32.71,6.43,6.74,20.31,2.19
164,2014-06-06,4671.012,0.01%,12.76,3.67,7.38,3.93,5.03,5.12,10,4.94,3.16,14.97,3.78,16.77,19.1,14.18,19.66,19.62,7.38,12.96,6.19,21.05,15.44,6.71,41.48,14.99,11.49,31.95,6.36,6.68,20.48,2.17
165,2014-06-09,4674.969,0.01%,12.73,3.68,7.38,3.93,5.02,5.09,10,5.14,3.15,14.99,3.78,16.73,19.26,14.28,19.6,19.58,7.38,13.04,6.3,20.39,15.27,6.65,41.64,15.1,11.24,31.99,6.32,6.68,20.29,2.17
166,2014-06-10,4729.291,0.01%,13.02,3.68,7.38,3.95,5.11,5.12,10.15,5.27,3.17,15.03,3.79,16.83,19.29,14.46,19.84,19.93,7.38,13.19,6.31,21.79,15.39,6.73,41.61,15.43,11.31,31.99,6.38,6.75,20.61,2.17
167,2014-06-11,4723.693,0.01%,13.11,3.69,7.38,3.91,5.12,5.13,10.12,5.27,3.16,14.92,3.78,17.02,19.3,14.39,19.72,20.45,7.38,13.4,6.3,21.12,15.42,6.69,41.98,15.39,11.5,32.42,6.4,6.76,20.92,2.17
168,2014-06-12,4710.998,0.01%,12.84,3.7,7.38,3.93,5.08,5.15,10.07,5.15,3.14,15.1,3.78,17,19.1,14.29,20.02,20.5,7.38,13.25,6.31,21.97,15.33,6.62,41.42,15.13,11.42,33.15,6.62,6.73,20.7,2.16
169,2014-06-13,4760.76,0.01%,13.02,3.71,7.38,3.95,5.13,5.16,10.22,5.15,3.15,15.32,3.79,17.13,19.21,14.46,19.95,20.54,7.38,13.42,6.34,22.3,15.49,6.62,40.82,15.49,11.61,33.27,6.52,6.8,21.1,2.16
170,2014-06-16,4800.657,0.01%,13.15,3.69,7.38,3.96,5.21,5.17,10.39,5.13,3.2,15.31,3.82,17.12,19.2,14.55,20.1,20.42,7.38,13.52,6.35,22.03,15.62,6.64,40.9,15.7,11.87,33.15,6.52,7,21.22,2.19
171,2014-06-17,4752.435,0.01%,13.09,3.66,7.38,3.94,5.18,5.13,10.32,4.96,3.16,15.01,3.81,17.02,19.16,14.25,19.91,19.98,7.38,13.32,6.35,22.43,15.35,6.51,40.5,15.44,12.13,32.73,6.45,6.94,21.81,2.18
172,2014-06-18,4732.178,0.01%,12.87,3.65,7.38,3.93,5.12,5.1,10.25,4.95,3.15,15.12,3.77,16.99,19.21,14.07,19.67,19.54,7.38,13.33,6.28,23.71,15.29,6.84,40.82,14.72,11.91,32.44,6.36,6.94,21.54,2.17
173,2014-06-19,4666.129,0.01%,12.72,3.51,7.38,3.92,5.08,4.99,10.19,4.91,3.16,14.95,3.75,16.94,18.92,13.88,19.09,19.05,7.38,12.71,6.19,21.34,15.2,6.55,40.3,14.56,11.62,31.84,6.27,6.88,21.76,2.14
174,2014-06-20,4687.504,0.01%,12.7,3.48,7.38,3.92,5.09,4.99,10.21,4.92,3.18,14.97,3.77,16.86,19.03,14.05,19.24,19.22,7.38,12.93,6.18,21.36,15.55,6.7,40.12,14.51,11.6,31.87,6.3,6.86,22.09,2.16
175,2014-06-23,4673.804,0.01%,12.7,3.49,7.38,3.91,5.06,4.95,10.1,4.92,3.16,15.41,3.77,16.8,19.23,13.85,19.39,19.16,7.38,13,6.08,21.23,15.74,6.71,40.01,14.19,11.68,31.56,6.31,6.33,22.13,2.17
176,2014-06-24,4695.723,0.01%,12.79,3.59,7.38,3.93,5.07,4.99,10.18,4.96,3.22,15.41,3.78,16.77,20.03,13.9,19.71,19.58,7.38,13.05,6.11,21.79,15.7,6.75,39.69,13.89,11.68,31.8,6.31,6.38,22.51,2.16
177,2014-06-25,4667.5,0.01%,12.72,3.53,7.38,3.99,5.18,4.94,10.14,4.89,3.24,15.4,3.77,16.9,19.43,13.51,19.75,19.31,7.38,13.01,6.01,20.84,15.62,6.68,40,13.99,11.48,32.42,6.3,6.27,22.28,2.16
178,2014-06-26,4697.669,0.01%,12.79,3.53,7.38,4.08,5.21,4.97,10.24,4.91,3.28,15.52,3.79,17.17,19.45,13.6,19.85,19.43,7.38,13.16,6.05,21.09,15.55,6.72,40.09,14.37,11.67,33.22,6.43,6.26,22.3,2.17
179,2014-06-27,4695.38,0.01%,12.84,3.62,7.38,4.18,5.24,5.03,10.18,4.92,3.3,16.23,3.7,17.25,19.38,13.49,20.44,19.94,7.38,13.24,6.15,20.65,15.46,6.71,40,14.38,11.73,33.31,6.4,6.24,22.19,2.16
180,2014-06-30,4729.205,0.01%,12.9,3.62,7.38,4.1,5.27,5.04,10.24,4.96,3.23,16.14,3.71,17.43,19.65,13.61,21.06,20.19,7.38,13.33,6.32,21.5,15.48,6.71,40.06,14.76,11.87,33.12,6.52,6.31,21.91,2.18
181,2014-07-01,4731.048,0.01%,12.98,3.6,7.38,4.08,5.1,5.02,10.23,4.95,3.27,16.18,3.74,17.29,19.69,13.62,20.72,19.75,7.38,13.33,6.7,21.47,15.88,6.91,39.74,14.45,11.9,33.15,6.53,6.34,21.63,2.21
182,2014-07-02,4745.66,0.01%,12.94,3.6,7.38,4.08,5.11,5.07,10.26,4.95,3.29,16.33,3.78,17.23,19.72,13.67,22.32,19.13,7.38,13.32,6.75,21.15,15.88,6.85,39.96,14.39,11.85,32.18,6.51,6.38,22.55,2.19
183,2014-07-03,4763.477,0.01%,12.94,3.59,7.38,4.1,5.09,5.09,10.34,4.94,3.33,16.78,3.81,17.66,19.81,13.68,21.93,19.16,7.38,14.07,6.99,20.52,15.92,6.86,39.75,14.3,11.87,32.2,6.52,6.41,22.68,2.21
184,2014-07-04,4761.84,0.01%,12.96,3.59,7.38,4.05,5.06,5.07,10.34,5.03,3.31,16.68,3.81,17.52,19.61,13.76,21.5,19.06,7.38,14.2,6.9,20.76,15.78,6.81,39.75,14.39,11.75,33.3,6.54,6.38,23.27,2.21
185,2014-07-07,4763.134,0.01%,12.92,3.55,7.38,4.09,5.04,5.04,10.32,5.15,3.3,16.28,3.81,17.5,19.41,13.9,21.91,18.81,7.38,14.36,6.85,20.64,15.6,6.73,39.81,14.11,11.98,33.48,6.51,6.32,23.05,2.13
186,2014-07-08,4766.312,0.01%,13.07,3.53,7.38,4.07,5.05,5.02,10.37,5.15,3.31,17.19,3.8,17.5,19.44,13.88,21.59,18.93,7.38,14.24,7.02,21.13,15.59,6.72,39.99,14.09,12.04,33.86,6.52,6.34,23.45,2.13
187,2014-07-09,4706.482,0.01%,12.87,3.54,7.38,4.03,4.98,4.99,10.24,5.05,3.26,17.46,3.79,17.28,19.67,13.71,21.83,18.87,7.38,13.84,6.9,20.52,15.7,6.57,39,13.74,11.94,33.2,6.38,6.29,23.09,2.12
188,2014-07-10,4692.31,0.01%,12.79,3.54,7.38,4,4.96,4.99,10.26,5.1,3.36,17.29,3.78,17.33,20.06,13.66,21.85,18.35,7.38,14.49,7,20.03,15.64,6.57,38.61,13.75,11.79,32.25,6.37,6.29,22.77,2.11
189,2014-07-11,4702.067,0.01%,12.85,3.58,7.38,4,5,5.02,9.69,5.23,3.4,17.24,3.79,17.44,20.06,13.67,22.83,18.21,7.38,14.62,7.18,19.17,15.88,6.6,38.95,13.97,12.01,32.3,6.41,6.37,23.06,2.13
190,2014-07-14,4751.894,0.01%,13,3.6,7.38,4.03,5.03,5.12,9.75,5.27,3.43,17.72,3.85,17.57,20.39,13.84,22.88,18.46,7.38,14.95,7.41,19.31,15.84,6.72,39.27,14.36,12.11,32.75,6.45,6.52,23.3,2.14
191,2014-07-15,4758.726,0.01%,13.06,3.78,7.38,4.08,5.01,5.21,9.78,5.21,3.36,17.45,3.86,17.75,20.64,13.82,22.84,18.67,7.38,14.71,7.33,18.88,15.71,6.75,39.77,14.29,12.06,33.91,6.47,6.51,23.15,2.14
192,2014-07-16,4750.663,0.01%,13.05,3.72,7.38,4.17,5,5.2,9.79,5.35,3.37,17.23,4.1,17.87,20.23,13.78,21.61,18.33,7.38,14.54,7.01,18.96,15.54,6.79,39.75,14.2,12.06,21.9,6.54,6.78,22.98,2.16
193,2014-07-17,4718.448,0.01%,13.03,3.68,7.38,4.17,4.98,5.26,9.74,5.34,3.34,17.22,4.01,17.67,20.22,13.67,21.52,18.19,7.38,14.4,7.02,18.37,15.55,6.72,39.81,14.29,12.05,21.75,6.46,6.83,22.84,2.15
194,2014-07-18,4731.26,0.01%,13.16,3.66,7.38,4.14,4.97,5.21,9.79,5.56,3.36,17.01,4,17.86,20.15,13.67,21.2,18.41,7.38,14.26,7,18.06,15.82,6.73,40.14,14.6,12.08,22.33,6.58,6.86,22.95,2.16
195,2014-07-21,4735.959,0.01%,13.22,3.69,7.38,4.17,4.89,5.21,9.81,5.71,3.35,17.16,3.93,18.32,19.93,13.7,21.49,18.37,7.38,14.49,6.88,18.07,15.63,6.66,39.97,15.18,12.06,23.35,6.56,6.83,22.36,2.13
196,2014-07-22,4789.671,0.01%,13.26,3.74,7.38,4.23,4.99,5.22,9.98,5.79,3.34,17.89,3.94,18.23,20.46,13.89,21.68,18.55,7.38,14.87,7.09,18.16,15.78,6.7,40.31,15.12,12.19,23.26,6.57,6.85,22.65,2.16
197,2014-07-23,4809.315,0.01%,13.27,3.78,7.38,4.28,5.02,5.33,10.07,5.79,3.32,17.8,3.9,18.14,20.3,14.1,22.17,18.07,7.38,14.66,6.99,17.41,15.89,6.69,40.19,15.52,12.21,23.23,6.52,7.02,21.82,2.16
198,2014-07-24,4905.37,0.01%,13.39,3.85,7.38,4.32,5.08,5.4,10.34,6.23,3.38,18.3,3.94,18.31,20.89,14.36,22.26,18.19,7.38,14.71,7.02,17.55,16.06,6.75,40.91,15.9,12.38,23.71,6.66,7.11,21.98,2.19
199,2014-07-25,4954.048,0.01%,13.67,3.92,7.38,4.31,5.11,5.43,10.49,6.2,3.49,18.8,3.95,18.34,21.81,14.41,22.63,18.72,7.38,14.61,7.12,18.83,16.38,6.84,40.94,16.1,12.45,23.68,6.65,7.17,23.85,2.23
200,2014-07-28,5100.238,0.01%,13.84,3.98,7.38,4.45,5.21,5.61,10.97,6.27,3.52,18.73,4.02,18.53,21.98,14.84,23.17,18.9,7.38,14.73,7.2,19.24,16.79,7.12,41.91,16,12.61,24.15,6.85,7.16,23.44,2.27
201,2014-07-29,5115.475,0.01%,13.78,3.93,7.38,4.39,5.17,5.6,11.03,6.23,3.51,18.58,4.01,18.92,21.86,14.95,23.35,18.94,7.38,15.3,7.16,20.25,16.63,7.23,42.08,16.28,12.62,24.53,7.11,7.15,24.82,2.25
202,2014-07-30,5091.9,0.01%,13.7,3.92,7.38,4.32,5.23,5.61,10.99,5.89,3.54,18.58,4.05,19.31,21.73,14.96,23.88,18.8,7.38,15.29,7.17,21.53,16.42,7.22,42.22,16.09,12.53,25.28,7.03,7.05,25.12,2.25
203,2014-07-31,5155.057,0.01%,13.7,3.98,7.38,4.32,5.22,5.64,11.07,6.01,3.53,18.55,4.07,19.94,22.2,15.15,23.81,18.73,7.38,15.4,7.52,20.92,16.55,7.45,42.2,16.21,12.63,26.54,7.05,7.14,24.88,2.41
204,2014-08-01,5107.093,0.01%,13.56,4.11,7.38,4.41,5.17,5.61,11.02,5.89,3.47,18.43,4.02,19.62,21.89,15.07,22.93,18.94,7.38,15.01,7.53,21.08,16.55,7.49,41.85,16.31,12.49,26.5,6.87,7.15,24.56,2.33
205,2014-08-04,5216.06,0.01%,13.8,4.26,7.38,4.61,5.29,5.68,11.25,6.06,3.6,18.5,4.07,19.79,23.39,15.56,23.53,18.93,7.38,15.1,7.56,21.35,16.55,7.7,42.29,16.73,13.04,26.88,6.99,7.24,24.51,2.36
206,2014-08-05,5194.419,0.01%,13.74,4.28,7.38,4.6,5.24,5.68,11.18,5.96,3.6,19.03,4.12,19.33,23.75,15.37,23.63,19.03,7.38,14.7,7.38,21.11,16.55,7.77,41.79,16.64,13,27,6.96,7.21,24.28,2.36
207,2014-08-06,5171.141,0.01%,13.67,4.59,7.38,4.7,5.22,6.02,10.98,5.9,3.57,19.36,4.12,19.39,24.38,15.19,23.9,18.77,7.38,14.65,7.31,20.8,16.55,8.14,41.87,16.05,12.94,26.74,7,7.13,24.25,2.4
208,2014-08-07,5091.346,0.01%,13.55,5.05,7.38,4.69,5.15,5.84,10.74,5.88,3.49,18.96,4.07,19.33,23.82,14.97,23.92,18.66,7.38,14.43,7.31,20.77,16.55,8.04,40.17,15.57,12.73,25.9,6.93,7.03,24.32,2.37
209,2014-08-08,5101.197,0.01%,13.59,4.88,7.38,4.62,5.24,5.67,10.83,5.74,3.5,18.8,4.08,19.19,23.49,14.92,23.67,18.68,7.38,14.47,7.31,21.25,16.55,8.07,40.31,15.45,13.09,26.4,6.88,7.07,24.99,2.43
210,2014-08-11,5175.245,0.01%,13.8,4.89,7.38,4.68,5.29,5.71,11.08,5.8,3.54,19.4,4.1,19.63,24.15,15.29,24.18,18.96,7.38,14.65,7.31,21.07,16.55,8.17,40.73,15.67,13.14,26.64,7.04,7.22,26.05,2.43
211,2014-08-12,5157.388,0.01%,14.12,4.96,7.38,4.57,5.29,5.66,10.91,5.81,3.49,19.08,4.08,19.5,24.06,15.15,24.07,18.9,7.38,14.61,8.04,21.38,16.55,8.29,40.32,15.54,12.98,26.66,7.07,7.21,25.67,2.4
212,2014-08-13,5162.636,0.01%,14.05,5.26,7.38,4.55,5.28,5.65,10.83,5.78,3.5,18.59,4.04,19.13,23.93,15.35,23.52,18.84,7.38,14.49,7.89,20.9,16.55,8.1,40.04,15.67,12.94,26.38,7.09,7.17,25.93,2.38
213,2014-08-14,5116.748,0.01%,13.96,5.05,7.38,4.46,5.22,5.6,10.74,5.7,3.49,18.28,4.01,18.9,23.26,15.03,23.62,18.5,7.38,14.31,7.64,21.52,16.55,8.13,40.05,15.5,12.68,26.39,6.96,7.28,25.37,2.34
214,2014-08-15,5165.548,0.01%,13.97,5.12,7.38,4.49,5.27,5.64,10.79,5.8,3.58,18.6,4.04,19.07,23.34,15.32,23.65,18.56,7.38,14.3,7.73,23.67,16.55,8.2,40.11,15.79,12.79,26.55,7.01,7.3,25.1,2.35
215,2014-08-18,5188.671,0.01%,13.89,5.22,7.38,4.47,5.27,5.67,10.8,5.76,3.57,18.65,4.07,19.15,23.35,15.37,23.75,18.81,7.38,14.61,7.75,25.16,16.55,8.22,40.17,16.21,12.82,26.33,7.11,7.43,25.4,2.36
216,2014-08-19,5185.709,0.01%,14.06,5.25,7.38,4.51,5.41,5.65,10.78,5.67,3.57,19.04,4.05,19.24,23.16,15.33,23.62,18.39,7.38,14.58,7.68,27.68,16.55,8.63,39.85,16.15,12.82,26.47,7.17,7.34,25.73,2.38
217,2014-08-20,5160.667,0.01%,13.96,5.21,7.38,4.49,5.36,5.63,10.72,5.61,3.52,18.67,4.09,19.19,23.17,15.17,23.24,18.66,7.38,14.62,7.57,26.38,16.55,8.7,40.01,16.19,12.84,26.17,7.17,7.3,25.27,2.37
218,2014-08-21,5130.676,0.01%,13.9,5.1,7.38,4.5,5.32,5.58,10.6,5.66,3.48,18.37,4.07,18.84,22.71,15.01,23.04,18.6,7.38,14.81,7.61,27.07,16.55,8.87,39.92,15.96,12.68,25.95,7.3,7.23,25.28,2.35
219,2014-08-22,5153.313,0.01%,13.7,5.14,7.38,4.56,5.3,5.58,10.71,5.66,3.49,18.13,4.08,19,22.64,15.03,23.51,18.89,7.38,15,7.65,27.57,16.55,8.87,39.84,15.98,12.75,25.67,7.64,7.27,25.38,2.34
220,2014-08-25,5103.117,0.01%,13.9,4.95,7.38,4.42,5.43,5.48,10.58,5.63,3.43,17.93,4.09,18.8,23.02,14.92,23.52,19.12,7.38,14.41,7.56,26.79,16.55,9,39.58,15.61,12.8,25.38,7.46,7.25,25.19,2.32
221,2014-08-26,5072.268,0.01%,13.65,4.98,7.38,4.37,5.43,5.39,10.6,5.7,3.38,18,4.07,18.37,22.35,14.77,22.79,18.79,7.38,14.03,7.6,26.21,16.55,8.55,38.96,15.19,12.45,26.01,7.23,7.26,24.6,2.3
222,2014-08-27,5075.836,0.01%,13.56,5,7.38,4.36,5.44,5.4,10.57,5.69,3.4,18.05,4.12,18.35,22.31,14.79,23.34,18.54,7.38,14.24,7.69,27.26,16.55,8.42,38.93,15.25,12.43,26.01,7.24,7.26,24.35,2.28
223,2014-08-28,5046.551,0.01%,13.43,4.91,7.38,4.34,5.52,5.42,10.47,5.64,3.38,17.89,4.08,18.48,21.97,14.86,23.16,18.31,7.38,14.29,7.62,27.76,16.55,8.48,38.67,15.26,12.8,26.21,7.2,7.29,23.99,2.26
224,2014-08-29,5107.101,0.01%,13.56,4.8,7.38,4.43,5.53,5.49,10.56,5.67,3.46,18.38,4.1,18.72,22.37,14.96,23.98,18.44,7.38,14.44,7.5,27.35,16.55,8.47,39.67,15.94,12.77,26.56,7.23,7.4,24.29,2.28
225,2014-09-01,5135.505,0.01%,13.76,4.8,7.38,4.5,5.55,5.49,10.54,5.69,3.45,18.78,4.15,18.77,22.41,15.04,24.78,18.78,7.38,14.79,7.51,27.73,16.55,8.65,39.8,16.03,12.67,26.55,7.25,7.39,25,2.31
226,2014-09-02,5206.837,0.01%,13.93,4.93,7.38,4.55,5.57,5.55,10.69,5.75,3.49,18.85,4.24,18.95,22.69,15.16,25.41,18.85,7.38,15.08,7.55,29.89,16.55,8.79,40.02,16.19,12.84,26.56,7.36,7.47,25.4,2.33
227,2014-09-03,5255.658,0.01%,13.94,4.99,7.38,4.54,5.69,5.63,10.78,5.85,3.55,19.19,4.23,18.95,22.77,15.38,25.52,18.94,7.38,15.12,7.68,29.4,16.55,8.83,40.26,16.35,13.34,27.03,7.39,7.69,25.32,2.34
228,2014-09-04,5299.388,0.01%,14.19,5.02,7.38,4.51,5.69,5.63,10.83,5.91,3.58,19.01,4.27,18.81,22.78,15.91,26.12,19.29,7.38,15.16,7.7,29.45,16.55,8.77,40.39,16.99,13.4,27.08,7.4,7.86,25.39,2.36
229,2014-09-05,5353.27,0.01%,14.56,5.05,7.38,4.54,5.74,5.75,10.93,5.92,3.59,19.21,4.37,19.13,22.95,15.9,28.73,19.21,7.38,16.68,7.73,28.87,16.55,8.8,40.7,17.04,13.67,28.19,7.53,8.02,26.23,2.37
230,2014-09-09,5338.03,0.01%,14.49,5.09,7.38,4.57,5.7,5.71,10.8,5.8,3.57,19.36,4.34,19.02,22.79,15.89,29.61,19.46,7.38,16.73,7.93,28.48,16.55,8.87,40.56,16.93,13.59,28.22,7.5,7.95,26.59,2.38
231,2014-09-10,5303.226,0.01%,14.39,5.08,7.38,4.56,5.63,5.67,10.71,5.71,3.52,18.87,4.34,18.89,22.89,15.73,29.16,19.54,7.38,16.46,7.85,28.77,16.55,9.03,40.33,16.53,13.63,27.7,7.57,7.82,26.32,2.36
232,2014-09-11,5288.415,0.01%,14.52,5,7.38,4.51,5.6,5.74,10.63,5.67,3.53,18.47,4.34,18.71,22.48,15.56,29.47,19.2,7.38,16.18,7.7,28.48,16.55,9.48,39.9,16.98,13.5,26.59,7.48,7.71,25.88,2.37
233,2014-09-12,5320.949,0.01%,14.53,5.14,7.38,4.48,5.64,5.85,10.69,5.7,3.56,18.43,4.34,18.74,22.49,15.69,32.42,19.25,7.38,16.62,7.8,28.1,16.55,9.47,40.04,16.88,13.63,26.37,7.5,7.78,25.94,2.4
234,2014-09-15,5317.609,0.01%,14.64,5.43,7.38,4.48,5.6,5.86,10.62,5.63,3.55,18.36,4.34,18.63,22.6,15.56,32.16,19.25,7.38,16.4,7.76,28.33,16.55,9.47,39.64,17.14,13.69,26.55,7.59,7.84,25.73,2.41
235,2014-09-16,5227.732,0.01%,14.45,5.33,7.38,4.51,5.45,5.67,10.58,5.58,3.57,18.14,4.34,18.28,21.92,15.29,29.9,18.63,7.38,15.92,7.45,26.61,16.55,9.12,39.4,16.48,13.16,25.39,8.35,7.66,25.02,2.46
236,2014-09-17,5249.002,0.01%,14.62,5.46,7.38,4.43,5.43,5.83,10.58,5.63,3.57,18.28,4.34,18.49,22.04,15.39,30.01,18.65,7.38,16.06,7.44,26.21,16.55,9.28,39.54,16.45,13.11,25.37,8.65,7.66,25.03,2.51
237,2014-09-18,5260.835,0.01%,14.54,5.2,7.38,4.43,5.42,5.76,10.57,5.57,3.54,18.35,4.34,18.55,22.01,15.42,29.34,18.77,7.38,16.08,7.45,25.96,16.55,9.29,39.48,16.3,13.14,25.87,8.47,7.78,25.13,2.46
238,2014-09-19,5298.419,0.01%,14.5,5.17,7.38,4.41,5.44,5.75,10.62,5.59,3.6,18.49,4.34,18.61,22.1,15.56,31.71,18.93,7.38,16.09,7.45,27,16.55,9.67,39.48,16.53,13.28,25.83,8.38,7.73,25.2,2.44
239,2014-09-22,5191.651,0.01%,14.44,5.12,7.38,4.23,5.33,5.58,10.36,5.52,3.49,17.91,4.34,18.31,21.49,15.18,31.37,18.59,7.38,16.1,7.36,27.64,16.55,9.58,39.03,16.23,12.94,25.38,8.09,7.55,24.89,2.38
240,2014-09-23,5236.041,0.01%,14.63,5.2,7.38,4.25,5.34,5.63,10.39,5.59,3.54,17.95,4.34,18.44,21.5,15.27,33.24,18.68,7.38,16.39,7.39,27.61,16.55,9.83,39.18,16.73,13.33,25.73,8.24,7.68,24.99,2.41
241,2014-09-24,5331.215,0.01%,14.71,5.55,7.38,4.31,5.32,5.71,10.57,5.65,3.57,18.21,4.34,18.74,21.91,15.61,33.43,18.92,7.38,16.33,7.47,27.69,16.55,10.09,39.52,16.78,13.62,26.16,8.27,7.78,25.64,2.47
242,2014-09-25,5313.199,0.01%,14.84,5.63,7.38,4.3,5.33,5.77,10.5,5.63,3.56,18.23,4.34,18.82,22.01,15.62,33.13,18.8,7.38,16.35,7.45,27.94,16.55,10.17,39.32,16.8,14.5,25.85,8.27,7.84,25.56,2.44
243,2014-09-26,5310.759,0.01%,15.11,5.69,7.38,4.29,5.31,5.78,10.45,5.56,3.59,18.14,4.34,18.87,21.86,15.76,34,18.7,7.38,16.85,7.46,27.74,16.55,10.65,39,16.79,14.65,25.71,8.21,7.78,25.73,2.46
244,2014-09-29,5336.153,0.01%,15.12,2.88,7.38,4.3,5.31,5.83,10.4,5.56,3.6,18.25,4.34,18.91,21.69,15.63,34.99,19.14,7.38,17.08,7.72,27.96,16.55,11.12,39.07,16.33,14.5,25.67,8.25,7.8,25.91,2.45
245,2014-09-30,5341.614,0.01%,15.06,2.79,7.38,4.34,5.3,5.85,10.39,5.55,3.58,18.23,4.77,18.94,21.81,15.55,36.4,19.04,7.38,17.13,7.87,28.48,16.55,10.57,39.12,15.8,14.5,25.9,8.25,7.78,25.31,2.48
246,2014-10-08,5398.486,0.01%,15.1,2.83,7.38,4.35,5.29,5.94,10.45,5.71,3.6,18.63,4.8,19.66,21.98,15.59,39.23,19.61,7.38,17.05,7.84,29.89,16.55,10.73,39.55,16.04,14.53,26.37,8.36,7.93,25.03,2.47
247,2014-10-09,5404.35,0.01%,15.07,2.93,7.38,4.32,5.31,5.91,10.45,5.7,3.63,18.74,4.75,19.44,22.41,15.7,42.63,19.49,7.38,16.68,7.79,29.07,16.55,10.77,39.83,16.13,14.83,26.48,8.3,7.92,24.98,2.54
248,2014-10-10,5366.095,0.01%,14.81,2.88,7.38,4.3,5.27,5.83,10.47,5.84,3.59,18.84,4.83,19.27,22.03,15.52,41.48,19.49,7.38,17.16,7.66,28.57,16.55,10.57,39.31,15.91,14.56,25.95,8.21,7.8,24.69,2.51
249,2014-10-13,5335.384,0.01%,14.59,2.87,7.38,4.28,5.19,5.99,10.42,5.9,3.55,19,4.81,19.36,22.63,15.2,44.38,19.62,7.38,17.61,7.77,28.37,16.55,10.3,38.93,15.61,14.74,24.32,8.09,7.55,25.13,2.56
250,2014-10-14,5313.103,0.01%,14.6,2.86,7.38,4.3,5.2,5.96,10.36,5.82,3.55,18.82,4.76,19.23,22.46,15.2,43.37,19.24,7.38,17.5,7.71,28.52,16.55,10.2,38.77,15.73,14.54,24.17,8.1,7.55,25.08,2.54
251,2014-10-15,5350.696,0.01%,14.81,2.88,7.38,4.42,5.2,5.93,10.42,5.81,3.57,18.58,4.81,19.6,22.33,15.44,40.51,19.6,7.38,17.67,7.7,28.35,16.55,10.25,38.97,15.77,14.52,24.18,8.12,7.57,24.94,2.56
252,2014-10-16,5316.491,0.01%,14.59,2.79,7.38,4.32,5.19,5.9,10.39,5.69,3.6,18.16,4.84,19.38,21.82,15.39,39.79,19.65,7.38,17.19,7.6,27.75,16.55,10.13,38.88,15.51,14.29,23.79,7.94,7.58,24.66,2.6
253,2014-10-17,5314.725,0.01%,14.61,2.8,7.38,4.35,5.15,6.05,10.37,5.66,3.55,18.32,4.75,19.19,21.93,15.28,40.57,19.61,7.38,17.01,7.51,27.29,16.55,9.94,39.11,15.59,14.12,24.1,7.69,7.54,23.9,2.56
254,2014-10-20,5335.159,0.01%,14.71,2.79,7.38,4.38,5.16,6.03,10.39,5.65,3.54,18.31,4.77,19.49,21.86,15.29,39.96,19.89,7.38,17.31,7.57,28.1,16.55,10.23,39.31,15.81,14.34,23.96,7.93,7.62,23.97,2.58
255,2014-10-21,5293.241,0.01%,14.5,2.71,7.38,4.33,5.12,5.89,10.37,5.59,3.48,18.33,4.67,19.24,21.42,15.18,38.04,19.72,7.38,16.83,7.56,27.14,16.55,10.04,38.95,15.54,14.16,23.73,7.85,7.63,23.88,2.57
256,2014-10-22,5269.67,0.01%,14.47,2.62,7.38,4.28,5.12,5.76,10.36,5.58,3.47,18.35,4.51,18.69,21.14,15.27,38.14,19.31,7.38,16.22,7.61,27.03,16.55,9.96,38.8,15.5,13.9,23.33,7.79,7.63,23.72,2.51
257,2014-10-23,5226.59,0.01%,14.38,2.54,7.38,4.2,5.07,5.65,10.39,5.51,3.41,18.45,4.43,18.41,20.62,15.12,38.91,18.99,7.38,15.99,7.56,26.62,16.55,9.89,38.24,15.39,13.82,22.76,7.9,7.46,23.31,2.43
258,2014-10-24,5218.177,0.01%,14.4,2.58,7.38,4.19,5.05,5.59,10.36,5.52,3.42,18.49,4.48,18.47,20.72,15.28,37.86,18.87,7.38,15.75,7.87,26.78,16.55,9.8,38.18,15.52,13.92,23.31,7.99,7.48,23.32,2.45
259,2014-10-27,5162.316,0.01%,14.51,2.56,7.38,4.13,5.02,5.61,10.16,5.36,3.39,18.18,4.46,18.55,20.64,14.84,37.89,18.96,7.38,15.91,7.88,27.25,16.55,9.51,37.39,15.54,13.99,23.7,8.19,7.38,22.67,2.43
260,2014-10-28,5263.545,0.01%,14.87,2.64,7.38,4.22,5.09,5.73,10.28,5.55,3.46,18.31,4.58,18.78,21.08,15.04,41.47,19.1,7.38,16.28,8,28.01,16.55,9.87,37.99,15.71,14.93,23.58,8.27,7.61,23.61,2.49
261,2014-10-29,5342.154,0.01%,15.46,2.72,7.38,4.32,5.15,5.81,10.38,5.66,3.5,18.23,4.64,18.69,21.28,15.43,41.58,19.23,7.38,16.83,8.2,28.23,16.55,10.09,38.54,15.71,15.1,23.86,8.46,7.7,24.39,2.55
262,2014-10-30,5385.623,0.01%,15.5,2.77,7.38,4.36,5.18,5.92,10.47,5.62,3.57,18.71,4.75,18.72,21.31,15.43,40.64,19.37,7.38,16.42,8.1,27.56,16.55,10.06,38.95,15.71,14.92,24.06,8.7,7.99,24.15,2.64
263,2014-10-31,5478.618,0.01%,15.56,2.81,7.38,4.45,5.27,5.98,10.8,5.77,3.63,18.6,4.76,18.73,22,16.16,40.39,19.4,7.38,16.5,8.02,26.98,16.55,10.01,38.92,16.53,14.91,23.99,8.54,7.98,25.08,2.63
264,2014-11-03,5477.76,0.01%,16.03,2.84,7.38,4.52,5.25,6.1,10.69,5.76,3.66,18.63,4.88,18.87,21.96,15.95,39.33,19.48,7.38,16.61,8.06,28.19,16.55,10.02,38.43,16.66,14.9,23.95,8.48,8.1,25.5,2.66
265,2014-11-04,5473.482,0.01%,15.79,2.8,7.38,4.56,5.22,6.56,10.6,5.85,3.72,18.3,5.35,18.46,21.84,15.84,38.19,19.06,7.38,16.35,7.95,28.56,16.55,10.05,38.14,16.6,15.28,23.25,8.37,7.97,25.45,2.72
266,2014-11-05,5449.717,0.01%,15.59,2.77,7.38,4.61,5.17,6.4,10.51,5.77,3.65,18.21,5.17,18.1,21.58,15.89,38.34,18.88,7.38,16.4,7.96,27.91,16.55,10.39,37.91,16.22,15.28,22.75,8.32,8.01,25.76,2.62
267,2014-11-06,5452.102,0.01%,15.51,2.74,7.38,4.51,5.16,6.34,10.55,5.82,3.62,18.35,5.17,18.18,21.48,15.78,37.45,19.1,7.38,16.19,8.03,28.52,16.55,10.27,38.24,16.28,16.5,22.92,8.46,8,25.76,2.64
268,2014-11-07,5449.556,0.01%,15.61,2.7,8.12,4.46,5.16,6.25,10.57,5.82,3.6,18.12,5.07,18.19,21.26,15.89,37.69,18.83,8.12,15.86,7.87,28.29,16.55,10.21,38.32,16.29,16.04,22.58,8.29,7.96,25.4,2.58
269,2014-11-10,5596.22,0.01%,16.21,2.82,8.93,4.7,5.26,6.39,10.76,6.01,3.72,18.48,5.23,18.53,21.6,16.53,37.24,19.05,8.93,15.99,7.91,28.27,16.55,10.26,38.78,17.03,17.28,24.14,8.53,8.51,26.26,2.67
270,2014-11-11,5611.785,0.01%,16.17,2.75,9.41,4.69,5.33,6.17,11.02,6.13,3.83,18.21,5.09,18.8,21.39,16.62,34.86,18.81,9.41,16.36,8.11,26.66,16.55,10.37,38.88,16.76,16.62,23.96,8.24,8.44,25.64,2.62
271,2014-11-12,5691.002,0.01%,16.99,2.8,9.16,4.71,5.29,6.3,10.99,6.2,3.78,18.26,5.15,18.98,21.8,16.78,35.31,19.1,9.16,16.34,8.13,27.02,16.55,10.79,39.11,17.31,16.41,24.4,8.91,8.78,26.29,2.66
272,2014-11-13,5672.315,0.01%,17.2,3.08,9.22,4.87,5.31,6.26,10.97,6.11,3.77,18.27,5.05,18.77,22.76,17.01,33.92,19,9.22,15.85,8.29,26.19,16.55,10.85,39.1,17.29,15.94,24.9,8.74,8.84,26.32,2.7
273,2014-11-14,5675.967,0.01%,17.05,3.07,8.8,4.79,5.24,6.26,10.92,6.12,3.75,18.55,5.07,19.43,22.34,16.98,35.26,19.35,8.8,15.57,8.17,26.24,16.55,10.53,39.67,17.72,15.75,25.48,8.87,9.06,26.56,2.65
274,2014-11-17,5637.859,0.01%,17.11,2.93,8.78,4.72,5.2,6.33,10.8,5.94,3.66,19.08,5.05,19.16,22.09,16.52,35.13,19.4,8.78,15.69,8.07,26.88,16.55,10.76,39.34,17.51,16.14,25.42,8.88,9.62,27.43,2.63
275,2014-11-18,5571.036,0.01%,16.57,2.95,8.83,4.56,5.11,6.22,10.63,5.78,3.61,18.95,4.97,18.76,21.88,16.24,35.26,19.78,8.83,15.41,7.89,26.7,16.55,11.04,38.85,16.92,16.68,24.1,9.16,9.22,27.31,2.61
276,2014-11-19,5557.197,0.01%,16.48,2.99,8.7,4.54,5.08,6.13,10.64,5.77,3.61,18.74,5.04,19.4,21.7,16.16,35.48,21.06,8.7,15.34,7.77,27.74,16.55,11.04,38.54,16.89,16.12,23.94,8.97,9,27.01,2.61
277,2014-11-20,5561.838,0.01%,16.55,2.95,8.72,4.53,5.09,6.13,10.59,5.77,3.58,18.74,5.05,19.47,21.76,16.67,34.67,20.72,8.72,15.42,7.78,27.98,16.55,11,38.53,16.98,16.14,23.95,8.89,9,27.11,2.59
278,2014-11-21,5674.553,0.01%,16.71,2.98,8.75,4.59,5.12,6.24,10.8,5.88,3.63,18.74,5.26,19.45,22.01,17.22,34.89,20.94,8.75,15.63,7.83,27.71,16.55,10.69,38.55,17.05,16.38,24.8,8.84,9.27,26.89,2.62
279,2014-11-24,5819.729,0.01%,16.95,3.08,8.8,4.74,5.17,6.37,10.86,6.47,3.7,18.74,5.42,19.67,22.29,18.61,35.98,20.94,8.8,15.64,7.9,28.47,16.55,10.64,38.86,17.32,16.54,24.97,9.17,9.46,26.93,2.67
280,2014-11-25,5891.787,0.01%,17.5,3.1,8.88,4.8,5.19,6.42,11.11,6.56,3.75,18.74,5.46,19.96,22.78,18.9,35.99,20.99,8.88,15.81,7.89,28.3,16.55,10.58,39.38,17.68,16.86,25.06,10.09,9.71,27.85,2.82
281,2014-11-26,5998.58,0.01%,17.05,3.08,8.8,4.79,5.27,6.43,11.33,6.68,3.78,18.74,5.8,20.11,22.51,20.76,36.76,20.58,8.8,16.13,7.86,28.01,16.55,10.8,39.58,17.64,16.61,24.97,10.38,9.64,28.7,2.78
282,2014-11-27,6081.386,0.01%,16.91,3.13,9,4.79,5.28,6.52,11.4,6.78,3.77,18.74,5.71,20.07,22.81,21.98,38.55,20.58,9,16.03,7.83,28.11,16.55,11.14,39.39,17.32,16.65,24.78,10.28,9.62,28.97,2.79
283,2014-11-28,6222.947,0.01%,17.38,3.16,8.8,5.04,5.39,6.57,12.15,7.2,3.93,18.67,5.85,19.96,22.5,22.6,37.48,20.32,8.8,15.79,7.81,28.57,18.21,11.18,39.15,17.11,16.32,24.53,10.96,9.58,28.47,2.8
284,2014-12-01,6230.718,0.01%,17.22,3.26,8.8,5.35,5.41,6.71,12.11,7,3.94,18.27,5.86,20.54,22.5,21.79,36.14,20.69,8.8,15.67,7.73,28.99,18.86,11.28,39.36,17.52,16.2,25.69,10.7,9.47,29.1,2.8
285,2014-12-02,6490.722,0.01%,17.38,3.29,8.88,5.53,5.63,6.92,12.7,7.2,4.13,18.59,5.98,20.56,22.93,23.57,36.28,20.73,8.88,15.91,7.83,31.89,19.59,11.33,40.25,17.93,16.87,25.8,10.94,9.68,29.07,2.86
286,2014-12-03,6564.286,0.01%,17.7,3.51,9.05,5.63,5.68,7.08,12.65,7.57,4.12,19.13,5.95,20.83,25,23.15,37.31,21.14,9.05,16.21,7.88,32.71,20.83,11.59,41.5,18.17,17.16,26.12,11.61,9.48,29.3,3.06
287,2014-12-04,6896.31,0.01%,18.13,3.74,9.18,5.87,6.25,7.29,13.64,7.95,4.47,19.84,6.02,21.84,25.25,25.4,37.75,21.43,9.18,16.61,8.33,33.74,21.02,11.58,41.81,18.44,17.65,26.61,12,9.66,31.87,3.13
288,2014-12-05,6980.453,0.01%,17.57,3.59,8.75,5.69,6.56,7.55,13.95,7.72,4.46,20.52,5.82,22.23,24.11,25.82,41.53,22.03,8.75,16.16,8.16,32.11,20.15,11,41.3,18.06,18.2,25.52,11.41,9.48,33.28,3.05
289,2014-12-08,7278.94,0.01%,18.02,3.95,8.78,6.18,6.43,8.31,13.96,8.49,4.88,21.08,6.26,22.18,24.94,27.28,43.97,22.08,8.78,16.37,8.25,31.57,20.42,10.98,41.8,18.64,18.84,26.13,11.6,10.2,32.36,3.16
290,2014-12-09,6937.483,0.01%,18.32,3.88,8.48,5.89,5.9,8.21,13.04,8.2,4.45,20.98,6.01,21.68,24.04,24.55,39.57,21.15,8.48,15.91,8.48,28.44,19.84,10.73,41.8,18.31,17.37,26.79,10.64,9.96,31.29,3.1
291,2014-12-10,7176.306,0.01%,19.98,4.2,8.61,6.08,5.88,8.79,14.12,8.7,4.53,22.42,6.38,22.68,24.69,24.15,38.86,21.91,8.61,16.85,9.33,30.02,20.85,10.99,43.44,19.41,17.83,27.69,10.99,10.62,32.57,3.23
292,2014-12-11,7048.114,0.01%,20.36,4.45,8.92,6.57,5.76,8.55,14.24,8.68,4.44,21.91,6.61,22.12,25.06,22.79,38.26,21.67,8.92,16.93,9.61,31.59,20.51,11.37,42.05,19.09,17.59,27.14,11.3,10.27,32.26,3.22
293,2014-12-12,7071.164,0.01%,19.83,4.35,8.94,6.33,5.76,8.33,13.91,8.34,4.47,21.37,7.08,22.11,25.85,23.17,38.62,22.12,8.94,17.04,9.41,31.72,20.45,10.9,42.72,18.84,17.97,27.52,11.33,10.22,32.13,3.27
294,2014-12-15,7120.354,0.01%,19.78,4.21,9.02,6.2,5.75,8.64,13.62,7.97,4.39,22.06,7.79,22.12,25.3,23.34,37.8,22.43,9.02,17.13,9.46,32.58,20.1,10.85,42.2,18.94,18.58,27.7,11.84,10.47,33.39,3.28
295,2014-12-16,7361.517,0.01%,19.68,4.3,8.99,6.41,5.9,8.61,14.2,8.24,4.54,22.07,8.49,21.82,25.18,25.09,39.14,22.09,8.99,16.8,9.18,32,20.01,10.32,41.65,18.69,18.46,27.14,11.72,10.31,32.79,3.27
296,2014-12-17,7534.98,0.01%,19.76,4.2,9.05,6.39,6.01,8.42,15.1,8.49,4.54,21.65,8.29,21.63,24.45,25.4,37.76,21.52,9.05,16.49,9.15,31.03,19.51,9.8,40.92,18.46,17.99,26.47,11.69,10.72,32.06,3.22
297,2014-12-18,7504.791,0.01%,19.41,4.4,8.95,6.37,5.98,8.71,14.73,8.4,4.66,21.6,8.61,21.78,25.58,25.55,39.2,21.16,8.95,16.52,9.2,31.18,19.71,9.81,41,18.83,19.79,26.75,12.12,11.02,32.15,3.22
298,2014-12-19,7608.318,0.01%,20.06,4.54,8.8,7.01,6.22,9.58,14.92,8.36,4.95,21.39,9.47,21.76,25.39,25.02,38.6,20.99,8.8,16.28,9.36,33.8,20.1,9.83,40.66,18.69,20.09,26.46,12.68,11.5,31.97,3.33
299,2014-12-22,7663.882,0.01%,19.59,4.41,8.62,7.15,6.35,9.69,15.37,8.54,4.9,20.85,8.87,20.99,25.13,25.56,37.52,20.45,8.62,16.5,8.72,31.34,20.7,10.32,39.98,19.25,19.64,27.2,11.51,11.2,31.29,3.6
300,2014-12-23,7495.146,0.01%,18.96,4.15,8.63,6.66,6.03,9.1,15.03,8.49,4.63,20.74,8.29,21.07,24.84,26.84,34.8,20.64,8.63,15.52,8.54,30.18,19.69,10.23,40.17,19.08,18.51,26.91,11.2,10.49,30.22,3.37
301,2014-12-24,7250.025,0.01%,18.53,4.05,8.87,6.37,5.86,8.9,14.3,8.07,4.49,20.72,8.54,21.15,25.04,25.34,35.08,20.6,8.87,15.35,8.65,30.18,19.48,10.02,40.62,18.41,18.76,26.98,11.29,10.27,29.29,3.24
302,2014-12-25,7518.198,0.01%,19.06,4.2,8.99,6.75,6,9.79,14.76,8.27,4.62,20.97,9.39,21.3,25.6,27.87,35.58,20.7,8.99,15.72,8.88,32.87,19.67,10.23,40.62,18.5,19.55,27.01,11.62,10.63,29.83,3.32
303,2014-12-26,7799.933,0.01%,19.8,4.26,9.41,6.91,6.17,10.02,15.34,8.67,4.76,21.05,9.69,20.91,26.22,30.66,38.27,21.02,9.41,15.69,8.83,33.83,19.89,10.22,40.99,18.66,19.58,27.55,12.78,10.85,30.18,3.4
304,2014-12-29,7834.365,0.01%,19.58,4.2,9.24,6.84,6.25,10.22,15.29,9.54,4.83,20.52,9.81,21.05,26.76,33.73,37.37,20.67,9.24,14.78,8.64,33.51,19.99,10.02,40.58,18.33,19.9,29.23,13.82,10.6,28.86,3.37
305,2014-12-30,7871.024,0.01%,19.46,4.05,9.23,6.84,6.26,9.97,15.68,9.84,4.84,20.92,9.45,22.05,25.82,34.03,36.44,20.81,9.23,14.37,8.77,33.16,19.27,9.81,40.57,17.99,19.23,28.62,13.17,10.44,28.86,3.29
306,2014-12-31,8044.505,0.01%,19.62,4.08,9.36,7.01,6.49,9.98,16.59,10.82,4.95,22.33,9.33,22.43,25.88,34.15,36.86,21.1,9.36,14.55,8.71,32.9,19.85,9.91,41.78,18.56,20.64,28.63,13.32,10.66,30.35,3.38
307,2015-01-05,8261.267,0.01%,20.53,4.33,9.54,7.47,7.14,10.03,16.68,11.9,5.26,23.99,9.13,22.4,28.47,34.09,37.01,21.63,9.54,14.98,9.11,32.95,21.3,10.41,42.46,19.99,20.88,29.76,13.15,11.2,31.83,3.65
308,2015-01-06,8215.575,0.01%,20.09,4.22,9.37,7.17,7,9.75,16.42,11.41,5.17,23.73,8.97,24.36,27.68,32.4,37.69,22.51,9.37,15.5,9.09,33.42,21.54,10.75,42.74,20.35,21.08,29.88,13.63,12.18,31.68,3.75
309,2015-01-07,8237.125,0.01%,20.18,4.29,9.59,7.06,7.18,9.85,16.16,11.41,5.36,24.26,9.2,23.86,27.79,33.06,36.99,22.08,9.59,15.34,9.05,35.81,23.69,10.78,42.14,20,23.19,28.97,13.61,11.81,31.07,3.98
310,2015-01-08,8012.598,0.01%,20,4.22,9.44,6.79,6.85,9.38,15.57,10.87,5.04,24.22,8.89,23.66,26.89,31.98,36.26,22.37,9.44,15.1,8.92,35.66,23.06,10.81,41.94,19.84,22.97,28.64,13.64,11.74,30.88,3.8
311,2015-01-09,8010.613,0.01%,19.95,4.18,9.2,6.63,6.73,9.21,15.71,10.68,4.98,24.51,8.96,23.59,26.35,33.88,36.45,22.06,9.2,15.19,8.69,37.47,22.6,10.67,41.53,19.6,22,28.15,12.93,11.32,30.42,3.74
312,2015-01-12,7921.333,0.01%,19.46,4.17,8.86,6.35,6.57,8.88,15.6,10.36,4.85,25.74,8.41,23.88,26.4,34.82,35.51,22.01,8.86,15.57,8.57,39.78,22.9,10.66,41.05,20.4,21.49,28.17,12.97,11.18,29.5,3.76
313,2015-01-13,7897.713,0.01%,19.34,4.13,8.99,6.33,6.58,8.89,15.43,10.27,4.85,26.01,8.3,23.82,26.49,34.09,35.56,22.23,8.99,15.84,8.66,43.76,22.34,10.68,40.96,20.97,22.31,28.36,13.16,11.26,30.07,3.72
314,2015-01-14,7894.156,0.01%,18.89,4.01,8.87,6.23,6.58,8.71,15.71,10.42,4.77,25.05,8.29,23.93,25.17,32.93,35.45,21.73,8.87,15.51,8.56,43.99,21.54,10.41,41.49,20.95,22.08,27.53,13.12,11.09,30.9,3.59
315,2015-01-15,8159.943,0.01%,19.58,4.13,8.58,6.44,6.9,9.03,16.18,11.25,4.97,25.09,8.65,23.93,25.59,36.19,36.07,21.93,8.58,15.46,8.86,43.36,21.94,10.59,41.55,20.98,22.12,27.79,13.86,11.36,31.95,3.63
316,2015-01-16,8235.101,0.01%,19.52,4.27,8.67,6.41,6.93,9,16.24,11.07,5.03,25.5,8.62,24.43,25.71,36.8,36.37,22.43,8.67,15.94,8.85,47.15,23.5,10.75,41.71,21.24,22.47,28.04,13.95,11.46,31.75,3.77
317,2015-01-19,7554.286,0.01%,18.4,3.89,8.3,5.81,6.24,8.1,14.63,9.96,4.54,23.65,7.76,22.88,23.96,33.12,33.88,21.1,8.3,15.38,8.39,43.01,24.16,10.33,40.38,19.38,20.52,26.4,12.99,10.31,30.12,3.6
318,2015-01-20,7610.799,0.01%,19.22,4.04,8.49,5.89,6.32,8.17,14.64,10.3,4.62,24.67,7.96,23.39,24.52,34.4,35.27,21.51,8.49,15.81,8.55,45.37,24.98,10.72,40.71,20.3,21.08,27.09,13.66,10.43,30.75,3.64
319,2015-01-21,7989.271,0.01%,19.82,4.16,8.67,6.12,6.6,8.49,15.3,11,4.8,25.45,8.51,23.68,25.64,37.84,36.54,22.29,8.67,16.26,8.78,44.32,27.03,11.07,41.18,20.62,22.11,27.81,15.03,10.99,31.45,3.77
320,2015-01-22,8018.95,0.01%,19.83,4.41,8.75,6.21,6.58,8.66,15.13,11.25,4.81,26.41,8.45,23.87,26.12,39.23,38.33,22.48,8.75,16.17,9.04,46.1,28.58,11.35,41.32,20.4,21.83,27.77,15.06,10.82,32.23,3.92
321,2015-01-23,8050.015,0.01%,20.53,4.62,8.67,6.14,6.6,8.48,15.17,11.43,4.79,26.04,8.43,23.44,25.94,40.24,37.37,22.19,8.67,16.42,8.89,43.78,28.28,11.19,40.88,20.18,22.29,27.66,15.27,10.79,31.9,3.84
322,2015-01-26,8093.794,0.01%,21.3,5.08,8.8,6.25,6.67,8.6,15.03,11.26,4.82,26.12,8.52,24.2,27.12,39.61,37.87,23.11,8.8,16.41,9.3,44.27,28.6,11.69,41.2,20.5,22.94,28.55,16.75,10.79,32.4,3.87
323,2015-01-27,8008.752,0.01%,21.08,5.07,8.81,6.11,6.48,8.73,14.71,10.74,4.72,27.29,8.9,23.67,26.77,40.63,38.14,22.89,8.81,16.02,9.22,46.64,27.72,11.86,42.41,20.55,23.39,28.19,16.39,10.48,32.74,3.79
324,2015-01-28,7895.579,0.01%,21.14,5.08,8.77,6.03,6.34,8.56,14.53,10.32,4.63,26.5,8.92,23.27,26.26,38.9,38.4,23.02,8.77,15.96,9.07,47.25,27.23,11.77,41.89,20.13,22.45,27.75,16.68,10.56,32.17,3.74
325,2015-01-29,7779.849,0.01%,20.65,5.03,8.82,6.05,6.16,8.33,14.37,10.29,4.55,26.14,9.12,22.88,26.27,38,37.28,22.62,8.82,16.42,9.1,47.94,26.19,11.7,41.14,19.79,23.03,27.31,16.4,11.09,31.6,3.65
326,2015-01-30,7667.462,0.01%,20.39,5,8.82,5.94,6.03,8.14,14.34,10.48,4.52,25.59,8.66,22.58,26.35,36.08,36.11,22.37,8.82,16.03,8.91,43.39,25.65,11.76,41.27,19.95,21.76,27.3,15.49,10.62,31.49,3.59
327,2015-02-02,7471.349,0.01%,20.05,5.33,8.9,5.71,5.87,7.87,14.09,10.19,4.44,25.26,8.17,22.15,25.28,33.68,36.1,22.67,8.9,15.53,8.65,43.31,26.54,11.17,41.05,19.68,19.93,26.76,16.02,10.27,32.66,3.58
328,2015-02-03,7668.338,0.01%,20.23,5.31,9.1,5.83,6.01,8.06,14.57,10.15,4.53,25.4,8.44,22.44,25.59,36.72,36.1,22.91,9.1,15.77,8.85,44.1,26.58,11.06,40.87,20.03,19.88,27.2,17.03,10.41,33.05,3.63
329,2015-02-04,7588.214,0.01%,20.21,5.33,9.34,6.41,5.92,7.95,14.3,10.04,4.53,25.91,8.58,22.16,25.15,36.09,35.96,22.49,9.34,15.6,8.74,43.44,26.14,10.97,40.16,20.34,19.23,27.31,16.7,10.39,34.59,3.54
330,2015-02-05,7506.481,0.01%,20.13,4.98,9.35,6.18,5.83,7.9,14.32,10.02,4.54,25.42,8.36,22.06,24.7,35.24,35.14,21.93,9.35,15.15,8.67,43.64,25.64,10.83,39.8,19.79,18.63,27.01,16.66,10.22,33.87,3.49
331,2015-02-06,7405.357,0.01%,19.84,4.74,9.35,6.43,5.69,7.85,14.25,9.49,4.35,24.99,8.22,22.61,24.14,34.82,33.86,21.55,9.35,14.97,8.69,41.86,24.44,10.6,39.53,19.15,18.73,26.76,16.56,9.75,33.01,3.34
332,2015-02-09,7501.475,0.01%,19.43,4.72,9.47,6.63,5.68,7.88,14.41,9.43,4.38,26.19,8.31,22.22,24.36,36.88,33.71,21.34,9.47,15.05,8.78,41.76,23.68,10.68,39.59,19.05,18.11,27.49,16.6,9.71,32.53,3.31
333,2015-02-10,7617.921,0.01%,20.31,4.84,9.17,6.61,5.74,8.12,14.66,9.74,4.41,26.21,8.51,21.45,24.63,37.3,34.46,21.64,9.17,15.21,8.8,42.56,24.03,10.65,40.1,19.82,18.66,27.63,16.64,10.15,33.42,3.37
334,2015-02-11,7666.962,0.01%,20.43,5.02,9.32,6.49,5.7,8.11,14.64,9.83,4.54,26.97,8.4,21.76,24.78,38.34,34.47,21.88,9.32,15.21,9.04,43.61,24.15,11,40.16,20.12,18.68,27.49,17.49,10.35,32.81,3.38
335,2015-02-12,7685.663,0.01%,20.24,4.87,9.56,6.41,5.83,8.16,14.57,9.75,4.92,26.52,8.34,21.49,24.41,38.76,34.42,21.86,9.56,15.27,9.09,42.5,23.84,11.29,39.83,20.14,19.02,28.17,18.21,10.49,32.33,3.37
336,2015-02-13,7738.8,0.01%,20.28,4.89,9.6,6.49,5.84,8.17,14.63,10.11,4.85,26.3,8.64,21.93,24.68,38.13,35.28,22.35,9.6,15.46,9.15,42.49,24.44,11.3,40.01,20.15,19.2,28.38,18.34,10.46,33.09,3.44
337,2015-02-16,7780.553,0.01%,21.12,4.9,9.59,6.47,5.87,8.18,14.46,9.96,5.34,27.25,8.58,22.21,24.86,37.94,35.51,22.5,9.59,15.68,9.16,43.64,24.49,11.5,40.09,20.36,19.21,28.35,18.53,10.5,33.25,3.46
338,2015-02-17,7832.568,0.01%,21.74,4.89,9.78,6.62,5.89,8.2,14.52,10.09,5.54,28.2,9.02,22.57,24.7,38.36,35.41,22.92,9.78,15.71,9.27,43.52,24.56,11.43,39.97,20.56,19.24,28.28,19.54,10.54,33.22,3.49
339,2015-02-25,7730.601,0.01%,21.11,4.9,9.45,6.53,6.09,8.1,14.3,9.74,5.29,27.44,8.92,22.33,24.33,36.65,35.63,22.55,9.45,15.73,9.32,42.96,23.99,11.27,40.3,20.48,18.9,28,20.33,10.25,33.13,3.42
340,2015-02-26,7941.405,0.01%,21.43,5.09,9.47,6.62,6.13,8.63,14.67,10.23,5.35,28.14,9.81,22.56,25.09,37.88,36.36,22.68,9.47,16.33,9.21,43.8,25.03,11.42,40.3,20.44,19.34,28.53,20.2,10.65,32.84,3.52
341,2015-02-27,7947.054,0.01%,21.1,5.14,9.41,6.68,6.32,8.52,14.7,10.19,5.65,27.82,9.69,22.54,25.69,37.46,36.7,22.65,9.41,16.31,9.18,44,25.62,11.33,40.06,20.44,19.47,28.24,20.05,10.67,32.79,3.55
342,2015-03-02,7992.497,0.01%,21.1,5.21,9.88,6.93,6.26,8.62,14.57,10.21,5.59,28.35,9.79,22.46,25.85,37.24,36.99,22.85,9.88,16.22,9.24,48.4,26.2,11.9,40.14,20.54,20.15,28,20.3,10.56,33.95,3.64
343,2015-03-03,7776.398,0.01%,20.54,5.06,10.39,6.61,6.03,8.39,14.17,9.64,5.36,27.13,9.45,22.86,25.97,35.61,36.46,23.02,10.39,16.01,8.99,49.99,25.19,11.85,40.26,20.1,20.77,27.56,19.76,10.26,33.03,3.55
344,2015-03-04,7806.007,0.01%,20.68,5.04,10.5,6.58,6.08,8.39,14.21,9.58,5.4,27.55,9.32,23.26,25.84,35.65,36.69,23.67,10.5,16.33,9.12,50.32,25.24,12.44,40.79,20.3,20.79,27.78,21.12,10.27,33.34,3.54
345,2015-03-05,7713.82,0.01%,20.76,4.94,10.61,6.35,5.95,8.3,13.91,9.3,5.29,27.04,9.24,23,25.43,35.11,35.63,23.51,10.61,16.1,9.49,49.27,24.6,12.61,40.26,19.83,20.06,27.23,20.83,10.13,32.8,3.46
346,2015-03-06,7700.174,0.01%,20.85,5.16,10.37,6.3,5.96,8.34,14.05,9.24,5.21,26.46,9.08,22.52,25.81,34.92,35.63,22.97,10.37,16.47,9.3,47.72,24.73,12.7,40.1,19.36,19.92,27.24,21,10.21,32.53,3.5
347,2015-03-09,7848.195,0.01%,20.89,5.15,10.27,6.38,6.11,8.49,14.68,9.51,5.27,26.72,9.26,22.7,25.72,35.95,37.9,23.03,10.27,16.54,9.3,50.13,24.27,12.57,40.08,19.68,19.8,27.44,21.2,10.29,33.25,3.49
348,2015-03-10,7784.37,0.01%,21.51,5.19,10.28,6.31,6.04,8.41,14.29,9.24,5.18,26.67,9.16,22.71,25.66,35.14,37,23.37,10.28,16.74,9.32,50.21,24.04,13.2,39.99,20.03,20.23,27.24,22.77,10.18,33.54,3.47
349,2015-03-11,7807.848,0.01%,21.88,5.18,10.39,6.29,6.06,8.38,14.45,9.18,5.16,27.39,9.08,22.45,25.28,35.54,37.06,23.29,10.39,16.46,9.62,49.47,23.83,13.47,39.78,22.03,19.84,27.18,21.58,10.23,33.31,3.45
350,2015-03-12,7997.225,0.01%,22.77,5.31,10.38,6.36,6.16,8.41,15.13,9.47,5.26,27.44,9.4,22.74,25.64,37.12,37.17,22.92,10.38,16.71,9.52,48.62,24.44,13.27,39.68,22.34,20.15,27.5,21.46,10.38,33.14,3.48
351,2015-03-13,8039.6,0.01%,23.5,5.82,10.7,6.43,6.17,8.54,15.1,9.49,5.24,27.19,9.3,22.66,26.04,36.67,36.94,23.11,10.7,16.5,9.54,49.78,24.36,13.65,40.29,22.8,20.03,27.46,20.54,10.52,33.05,3.5
352,2015-03-16,8226.961,0.01%,23.7,6.03,10.94,6.6,6.24,8.67,15.36,9.72,5.34,27.96,9.37,23.67,26.4,37.77,37.47,23.71,10.94,16.9,9.77,51.18,24.92,14.23,41.05,23.22,20.4,28.1,21.11,10.72,33.63,3.57
353,2015-03-17,8345.501,0.01%,25.27,5.99,10.84,6.65,6.34,8.99,15.41,9.91,5.44,27.81,9.57,23.36,26.62,37.51,38.3,24.09,10.84,17.11,10.07,51.35,25.26,14.17,40.97,23.31,21.05,28.39,20.91,10.94,34.66,3.67
354,2015-03-18,8539.165,0.01%,25.23,6.15,10.92,6.93,6.42,9.1,15.74,10.41,5.53,28.09,9.66,23.65,26.84,37.99,38.89,24.44,10.92,17.41,10.75,54,25.74,14.32,41.9,23.9,21.19,28.82,20.95,11.16,35.21,3.86
355,2015-03-19,8526.036,0.01%,24.6,6.26,11.16,6.83,6.42,9.29,15.68,10.26,5.64,28.7,10.12,24.01,26.96,36.93,39.17,24.13,11.16,17.36,10.73,53.97,26.76,14.69,41.43,23.18,21.81,28.56,21.95,11.03,38.37,3.91
356,2015-03-20,8661.594,0.01%,24.31,6.17,10.9,6.84,6.41,9.2,15.69,10.56,5.56,28.57,9.95,24.11,26.73,37.73,38.79,24.61,10.9,18.2,10.64,54.99,26.34,14.81,41.32,22.99,21.5,29.45,21.74,10.93,37.68,3.88
357,2015-03-23,8828.092,0.01%,24.91,6.15,11.02,6.98,6.43,9.34,15.79,10.77,5.61,28.81,10.1,24.46,27.11,38.45,39.02,25.03,11.02,18.28,10.78,54.99,26.89,14.83,42.07,23.29,21.77,30.57,21.6,11.06,38.88,4
358,2015-03-24,8802.963,0.01%,25.26,6.27,10.69,7.35,6.37,9.17,15.56,10.43,5.49,28.28,9.85,26.31,26.84,37.48,39.47,24.79,10.69,18.11,10.49,53.72,28.08,14.09,41.69,23.99,21.63,29.96,20.82,11.22,39.78,4.4
359,2015-03-25,8709.443,0.01%,24.23,6.11,10.65,7.04,6.26,9.16,15.16,10.14,5.35,28.4,10.05,26.99,26.32,36.26,42.24,25.33,10.65,17.72,10.57,52.66,27.12,14.43,42.12,24.53,21.09,30.39,20.23,10.91,39.07,4.52
360,2015-03-26,8758.979,0.01%,23.78,6.2,10.68,7.14,6.44,9.54,15.22,10.37,5.45,28.38,9.73,26.18,26.64,36.45,46.46,24.75,10.68,17.97,11.01,51.05,27.67,14.86,43.03,23.59,21.15,31.43,19.84,10.94,39.08,4.41
361,2015-03-27,8789.115,0.01%,23.83,6.29,10.79,7.07,6.37,9.44,15.26,10.77,5.39,28.11,9.82,26.18,26.79,36.27,44.58,24.79,10.79,19.77,11.18,50.99,27.72,15.47,42.8,23.76,21.2,31.1,20.43,10.87,39.45,4.43
362,2015-03-30,9068.809,0.01%,24.55,6.13,11.12,7.27,6.49,10.38,15.74,11.85,5.61,30.13,10.69,26.23,27.27,37.25,45.81,24.79,11.12,20.8,11.78,51.3,27.32,14.83,43.6,24.48,22.16,31.36,20.58,11.4,40.48,4.45
363,2015-03-31,8972.903,0.01%,24.14,5.92,10.91,7.12,6.41,10.13,15.57,11.49,5.47,29.67,10.27,26.1,27.18,37.05,45.02,24.79,10.91,20.74,11.53,51.65,26.8,15.57,42.54,25.84,21.67,30.85,20.71,11.03,41.11,4.32
364,2015-04-01,9121.644,0.01%,24.51,5.97,11.32,7.14,6.47,10.24,15.73,11.4,6.02,31.23,10.39,26.44,28.02,37.8,45.37,24.79,11.32,22.81,11.76,51.45,27.05,16.35,42.91,26.02,22.21,31.44,20.67,11.11,44.22,4.36
365,2015-04-02,9090.195,0.01%,24.66,5.9,11.38,7.08,6.48,10.15,15.66,11.21,5.96,31.75,10.39,26.48,28.01,37.56,45.38,24.79,11.38,23.66,11.89,53.51,27.53,16.35,42.99,27.79,22.83,31.38,20.42,11.01,44.42,4.44
366,2015-04-03,9193.972,0.01%,25.89,5.97,11.51,7.15,6.45,10.11,15.66,11.2,5.95,31.85,10.34,27.35,28.13,37.61,47.09,24.79,11.51,23.96,11.81,52.88,27.21,17.99,43.32,27.68,22.72,31.35,20.35,11.18,43.82,4.46
367,2015-04-07,9394.634,0.01%,25.91,6.01,12.11,7.28,6.66,10.42,15.66,11.5,6.13,31.86,10.42,28.8,28.51,39.08,47.58,24.79,12.11,23.39,11.81,52.68,28.35,17.99,44.6,27.37,23.01,32.49,20.79,11.48,44.87,4.56
368,2015-04-08,9518.866,0.01%,25.29,6.07,11.95,7.32,6.74,10.46,15.66,11.84,6.18,32.03,10.6,29.21,27.88,40.76,46.21,24.79,11.95,22.61,11.53,49.98,27.78,19.79,44.23,26.72,23.53,32.85,21.24,11.31,46.25,4.47
369,2015-04-09,9450.583,0.01%,24.51,6.01,11.4,7.55,6.67,10.06,15.66,13.02,6.02,31.45,10.17,29.7,27.26,39.85,44.69,24.79,11.4,23.11,11.7,48.16,26.85,18.87,46.62,26.05,22.71,32.17,21.6,11.16,43.57,4.33
370,2015-04-10,9620.952,0.01%,24.85,6.04,11.78,7.57,6.71,10.13,15.66,12.73,6.11,31.36,10.28,30.5,28.96,41.19,45.73,24.79,11.78,23.11,12.44,48.93,27.14,18.99,46.31,27.29,22.94,33.33,21.41,11.61,44.7,4.38
371,2015-04-13,9800.327,0.01%,25.16,6.1,12.48,7.63,6.82,10.54,17.23,13,6.28,31.29,10.46,31.75,28.98,40.92,46.25,24.79,12.48,23.34,12.46,48.99,27.49,18.58,46.98,26.97,22.94,33.62,21.48,12.48,44.96,4.47
372,2015-04-14,9864.25,0.01%,25.88,6.49,12.38,7.55,6.74,10.67,17.48,12.84,6.17,30.87,10.89,33.89,28.7,39.52,48.92,24.79,12.38,23.41,12.07,48,27.46,18.59,46.09,26.45,23.84,33.82,23.34,12.26,45.39,4.62
373,2015-04-15,9786.627,0.01%,25.97,6.12,11.87,7.32,6.78,10.27,17.87,12.5,6.15,30.83,11.65,31.68,27.57,38.54,46.22,24.79,11.87,21.52,11.55,44.39,28.02,17.69,45.39,25.93,22.65,33.05,21.38,12.66,42.83,4.6
374,2015-04-16,10117.99,0.01%,26.95,6.1,12,7.47,7.02,10.57,18.81,13.47,6.63,33.14,11.53,32.95,27.95,39.72,49.29,24.79,12,21.84,11.69,45.05,29.29,17.62,46.57,26.81,24.92,35.51,21.02,12.87,42.21,4.86
375,2015-04-17,10321.26,0.01%,26.87,6.28,12.17,7.99,7.34,11.38,18.32,13.84,7.07,32.33,12.24,33.2,28.79,39.45,54.22,27.27,12.17,22.12,11.64,47.08,29.32,17.68,47.6,27.44,27.41,35.39,21.01,13.37,41.8,5
376,2015-04-20,10149.95,0.01%,25.61,6.35,12,8.13,7.14,11.65,17.81,13.58,7.78,31.33,13.46,31.99,29.32,37.48,56.45,27.67,12,22.39,11.11,47.33,29.58,18.03,46.48,26.5,26.84,35.83,21.14,13.79,40.45,5.2
377,2015-04-21,10315.71,0.01%,26.35,6.99,12.53,8.32,7.27,11.55,18.17,13.85,8,31.99,13.41,32.91,29.8,38.62,54.33,28.7,12.53,22.89,11.5,50.2,29.52,18.48,46.74,28.75,26.26,38.12,21.88,13.59,41.83,5.24
378,2015-04-22,10586.67,0.01%,26.93,7.07,12.65,8.43,7.45,11.66,18.41,14.06,7.99,32.48,13.7,33.53,30.01,40,55.56,28.58,12.65,24.45,11.74,49.46,30,18.64,46.98,28.97,28.89,38.2,22.82,13.9,42.24,5.24
379,2015-04-23,10561.82,0.01%,27.02,7.28,12.57,8.79,7.58,11.55,18.17,13.83,8.79,32.98,13.51,33.06,33.01,39.06,54.56,28.13,12.57,24.14,11.85,47.82,30.58,18.49,46.39,28.32,28.69,38.04,23.19,13.69,41.75,5.24
380,2015-04-24,10469.98,0.01%,26.81,7.16,12.27,8.41,7.78,11.24,17.7,13.27,9.08,32.26,13.89,32.14,34.04,37.79,54.63,28.12,12.27,23.82,11.77,48.41,30.02,17.89,46.02,27.69,27.76,38.5,24.79,13.38,41.84,5.24
381,2015-04-27,10741.18,0.01%,27.29,7.15,12.48,9.25,8.56,11.49,18.44,14.04,9.99,32.03,14.19,32.74,33.54,38.4,59.65,28.36,12.48,24.71,11.87,47.05,30.83,18.26,46.18,27.97,28.03,38.69,24.99,14.32,41.23,5.24
382,2015-04-28,10619.61,0.01%,26.19,6.74,12.09,9.55,8.67,10.66,18.36,13.69,10.54,30.59,13.38,33.32,31.81,39.59,58.25,27.4,12.09,23.18,11.32,43.86,31.09,17.49,44.11,27.57,26.72,36.82,24.59,14.11,39.02,5.24
383,2015-04-29,10669.3,0.01%,27.95,6.94,12.33,9.31,8.31,10.45,18.48,14,9.96,31.15,13.18,33.18,33.24,38.65,56.82,27.4,12.33,22.98,11.38,44.5,34.2,17.81,44.45,27.78,27.29,36.82,24.75,13.82,39.07,5.24
384,2015-04-30,10608.55,0.01%,27.63,6.77,12.13,8.97,8.12,10.38,18.22,14.97,9.52,30.62,13.88,32.21,32.31,38.06,57.03,27.51,12.13,23.42,11.21,44.23,32.43,18.52,43.99,27.11,27.25,36.46,24.39,13.97,38.8,5.24
385,2015-05-04,10704.89,0.01%,28.68,6.91,12.02,9.87,8.16,10.73,18.16,14.48,9.94,30.44,14.69,31.24,31.97,39.62,61.47,27.34,12.02,23.83,11.19,43.42,30.7,20.37,44.59,26.88,26.8,36.88,24,14.08,39.87,5.24
386,2015-05-05,10290.41,0.01%,27.22,6.51,11.38,9.15,7.92,10.12,17.45,13.47,8.95,29.32,13.22,30.55,31.3,38.63,57.73,27.37,11.38,22.2,11.25,42.84,29.64,19.49,43.41,25.69,25.81,35.68,22.88,12.89,38.8,5.24
387,2015-05-06,10207.29,0.01%,27,6.51,11.07,8.66,7.75,9.82,17.54,13.65,9,29.85,12.66,30.13,30.99,40.96,53.68,27.8,11.07,21.47,11.07,43.39,28.58,18.57,43.14,25.59,24.76,35.95,22.65,12.36,38.16,5.24
388,2015-05-07,9998.623,0.01%,26.2,5.97,11.17,8.02,7.49,9.53,17.69,13.87,8.55,29.66,11.4,29.41,31.27,38.5,50.12,26.4,11.17,20.91,10.57,44.49,28.73,17.09,43.53,25.74,24.4,36.26,22.35,12.38,38.27,5.24
389,2015-05-08,10153.94,0.01%,26.64,6.05,11.42,8.49,7.58,9.9,17.7,13.93,8.7,30.08,11.78,31,31.72,38.34,51.28,26.65,11.42,21.48,10.82,47.28,28.97,17.42,44.09,26.55,24.85,36.65,22.94,12.42,39.86,5.24
390,2015-05-11,10416.62,0.01%,27.25,6.14,11.84,8.69,7.73,10.21,17.91,14.19,8.94,30.48,12.12,32.98,21.98,39.29,52.64,27.55,11.84,22.55,11.08,48.45,29.58,17.99,44.32,26.98,26.72,36.83,23.65,12.69,40.45,5.24
391,2015-05-12,10537.2,0.01%,28.86,6.11,11.9,8.87,7.76,10.18,17.77,13.94,9.22,30.8,12.48,32.59,21.65,39.13,55.24,27.8,11.9,22.37,11.13,47.49,29.36,18.55,44.33,26.72,28.71,36.57,24.99,12.92,40.87,5.24
392,2015-05-13,10435.5,0.01%,27.99,6.15,12.09,8.76,7.54,10.15,17.54,14.28,8.8,30.52,12.18,32.37,22.36,38.42,53.26,28.22,12.09,22.15,11.26,46.19,30.71,19.41,45.14,27.06,27.02,37.28,24.81,12.59,39.95,5.24
393,2015-05-14,10382.97,0.01%,27.19,6.77,12.05,8.5,7.61,9.98,17.49,13.67,8.86,31,11.97,32.03,24.6,38.39,51.88,27.93,12.05,22.57,11.1,45.92,31.48,18.98,44.88,26.81,27.1,36.81,24.03,12.46,39.22,5.24
394,2015-05-15,10210.98,0.01%,27.23,6.94,11.64,8.16,7.31,10.14,17.16,12.84,8.52,32.53,11.83,31.06,24.27,36.93,52.35,27.14,11.64,21.68,10.76,43.77,29.66,18.88,44.66,25.9,26.03,35.74,25.72,12.31,40.11,5.24
395,2015-05-18,10063.43,0.01%,27.79,6.58,11.49,8.13,7.12,10.16,16.85,12.41,8.23,31.62,11.85,31.06,23.09,35.6,51.92,27.69,11.49,21.52,10.63,44.32,30.75,18.76,44.52,25.83,26.45,35.05,26.96,12.14,40.11,5.24
396,2015-05-19,10413.33,0.01%,28.49,6.7,11.81,8.35,7.35,10.74,17.63,12.88,8.5,33.18,12.49,31.49,23.64,36.89,54.2,28.51,11.81,22.63,11.19,46.21,30.76,18.83,45.03,26.81,27.16,35.97,29.65,12.54,40.11,5.24
397,2015-05-20,10455.67,0.01%,30.54,6.74,11.93,8.4,7.31,10.64,18.04,12.82,8.46,23.6,12.34,31.83,23.66,36.59,55.98,28.55,11.93,22.54,11.33,45.87,30.18,18.99,44.96,27.58,27.01,36.65,32.62,12.57,40.11,5.24
398,2015-05-21,10584.96,0.01%,33.59,6.7,12.51,8.42,7.32,11.7,18.16,12.92,8.66,22.99,12.5,32.98,23.55,36.67,57.76,29.16,12.51,23.27,11.52,50.46,30.27,19.7,45.19,29.16,29.06,37.91,34.24,12.61,30.62,5.24
399,2015-05-22,10878.02,0.01%,33.02,6.88,12.72,8.9,7.64,12.08,18.7,13.27,9.02,23,12.94,33.09,24.38,37.64,59.38,32.08,12.72,24.3,11.73,49.44,31.4,19.82,46.02,29.98,29.42,39.69,33.13,13.15,30.62,5.24
400,2015-05-25,11218.41,0.01%,33.55,7.08,13.2,9.27,7.9,12.08,19.22,13.68,9.25,23.25,13.98,36.4,24.85,38.79,65.32,33.23,13.2,25.75,12.1,49.5,31.99,21.3,47.39,29.98,30.46,43.66,34.02,13.69,30.62,5.24
401,2015-05-26,11389.01,0.01%,33.88,7.11,13.52,9.44,7.94,12.85,19.2,13.86,9.14,24.5,14.13,36.58,25.11,38.73,69.29,33.27,13.52,26.36,12.68,52.11,32.57,22.07,52.13,31.43,31.05,44.16,33.82,13.78,30.62,5.24
402,2015-05-27,11319.84,0.01%,33.5,7.14,13.72,9.47,8.1,12.83,19.07,13.48,8.89,23.92,13.68,38.72,26.12,38.26,66.58,32.46,13.72,25.73,13.95,57.32,32.24,24.28,53.45,30.97,30.41,43.58,32.3,13.66,30.62,5.76
403,2015-05-28,10558.05,0.01%,30.56,6.5,12.83,8.56,7.34,12.91,17.92,12.34,8.98,23.09,12.41,36.85,23.51,35.73,59.92,30.96,12.83,24.55,13.56,56.9,29.13,24.1,50.16,29.1,27.39,21.11,29.25,12.47,30.62,6.34
404,2015-05-29,10535.54,0.01%,29.99,6.35,12.71,8.31,7.21,13.02,18.07,12.08,8.58,22.79,12.61,38.34,22.81,35.26,59.6,34.06,12.71,27.01,14.37,61.91,28.55,23.02,49.3,29.35,27.03,20.15,29.69,12.18,30.62,6.97
405,2015-06-01,11032.47,0.01%,31.79,6.61,13.56,8.81,7.5,13.57,18.83,12.65,8.85,23.77,13.23,41.88,23.86,36.44,61.6,35.44,13.56,29.04,15.32,62.79,29.7,23.83,52.01,30.79,29,20.77,30.82,12.91,30.62,7.18
406,2015-06-02,11179.44,0.01%,31.9,6.65,14.27,9.04,7.5,13.31,18.95,12.72,9.15,24.28,13.57,42.46,24.11,36.11,62.97,37.23,14.27,29.2,16.36,61.28,29.74,25.09,57.21,30.92,29.16,20.98,32.22,13.03,30.62,6.97
407,2015-06-03,11152.98,0.01%,31.3,6.5,14.17,8.83,7.47,12.94,19.45,12.75,9.06,23.71,13.3,42.74,24.41,36.31,60.29,36.38,14.17,29.29,15.96,59.91,29.93,25.24,57.05,31.92,28.68,20.2,35.44,12.9,30.62,6.72
408,2015-06-04,11279.93,0.01%,31.61,6.48,14.71,8.97,7.62,12.51,20.44,12.76,8.96,23.17,13.1,42.32,23.99,36.94,61.4,38.27,14.71,28.97,15.16,59.25,29.46,24.32,57.38,31.53,28.97,19.98,35.97,13.07,30.62,6.52
409,2015-06-05,11385.42,0.01%,32.2,6.76,14.88,9.54,7.77,12.66,19.99,13.41,9.21,23.41,13.53,42.73,24.99,36.6,63.46,37.8,14.88,28.95,15.17,58.98,30.82,24.64,56.32,31.81,29.85,20.02,35.8,13.59,30.62,6.78
410,2015-06-08,11741.07,0.01%,33.96,6.99,14.9,9.7,8.17,12.9,21.13,13.78,10.13,23.11,14.43,42.43,25.44,38.48,64.72,36.19,14.9,28.13,14.88,55.77,31.44,23.93,56.82,32.15,30.25,20.46,33.87,13.98,30.62,6.64
411,2015-06-09,11645.69,0.01%,34.99,7.01,14.72,9.52,8.03,13.04,20.83,13.48,10.29,23.07,13.86,41.37,25.92,37.81,65.59,35.29,14.72,28.59,15.07,55.28,31.5,23.79,55.51,32.2,32.43,21.69,34.27,13.57,30.62,6.57
412,2015-06-10,11580.62,0.01%,35.91,6.94,14.96,9.37,7.94,12.78,20.47,13.54,9.93,22.83,14.13,41.04,25.14,37.55,62.97,35.99,14.96,29.12,15.37,56.99,30.91,23.96,54.99,32.19,29.82,21.3,36.15,13.48,30.62,6.55
413,2015-06-11,11548.74,0.01%,37.59,7.15,15.03,9.46,7.86,13.03,20.36,13.21,9.72,22.43,13.9,41.62,25.32,37.74,62.36,35.37,15.03,28.33,15.22,56.12,31.2,24.54,55.86,31.69,29.05,21.24,38.5,13.65,30.62,6.46
414,2015-06-12,11594.23,0.01%,37.52,7.07,15.46,9.57,7.9,13.99,20.31,13.27,9.75,22.8,14.06,42.1,25.54,36.86,68.6,35.25,15.46,28.72,15.16,58.04,30.62,24.71,55.26,31.22,29.04,21.23,38.52,13.93,30.62,6.44
415,2015-06-15,11336.95,0.01%,40.23,7.14,14.85,9.71,7.71,13.29,19.5,12.77,9.27,23.4,13.53,43.09,25.08,35.62,64.91,34.2,14.85,28.67,15,53.72,31.16,23.29,53.54,30.59,28.73,20.33,36.5,13.81,30.62,6.52
416,2015-06-16,11009.17,0.01%,36.21,6.63,14.18,9.06,7.44,12.36,19.29,12.42,8.54,22.18,12.82,40.33,23.54,34.9,60.18,33.28,14.18,25.95,15.35,48.88,31.58,21.53,51.2,29.82,29.02,20.32,36.27,13.28,30.62,6.3
417,2015-06-17,11160.42,0.01%,35.14,6.73,14.76,9.24,7.6,12.58,19.43,12.58,8.86,21.99,13.16,40.69,23.79,35.07,61.77,33.45,14.76,26.2,15.64,50.28,32.76,22.26,52.08,30.19,28.83,20.06,35.59,13.77,30.62,6.29
418,2015-06-18,10697.49,0.01%,34.05,6.56,14.19,9.01,7.32,12.06,18.79,12.24,8.45,21.9,13.13,39.51,22.38,33.43,60.65,32.99,14.19,24.85,15.56,47.52,32.75,21.79,50.67,28.6,26.89,19.05,35.13,14.27,30.62,6.18
419,2015-06-19,10051.94,0.01%,31.95,6,12.77,8.25,6.83,10.95,18,11.52,7.66,21.06,11.89,37.1,20.61,31.02,56.26,31.83,12.77,23.4,14,43.13,31.55,19.61,47.75,27.02,24.2,17.88,31.66,12.41,30.62,5.6
420,2015-06-23,10354.09,0.01%,33.48,6.05,13.17,8.5,7.02,11.18,18.87,11.78,7.78,21.71,12.19,39.6,20.99,32.5,60.71,31.78,13.17,23.83,13.45,42.96,30,19.17,50.97,29.61,24.69,19.16,31.99,12.87,30.62,5.58
421,2015-06-24,10555.43,0.01%,34.29,6.25,13.53,8.89,7.29,11.44,18.93,11.95,8.21,21.92,12.69,40.44,21.5,32.53,62.32,32.69,13.53,24.96,13.47,43.7,30.73,19.33,51.8,30.53,25.21,19.71,34.78,13.88,30.62,5.88
422,2015-06-25,10187.17,0.01%,31.55,5.91,12.82,8.98,7.02,11.14,18.44,11.75,7.8,20.56,13.09,39.18,20.02,31.02,60.2,31.08,12.82,23.74,13.22,40.31,28.67,19.98,49.37,29.22,23.73,18.74,32.39,13.15,30.62,5.58
423,2015-06-26,9399.798,0.01%,28.82,5.32,11.54,8.17,6.67,10.03,17.4,10.58,7.02,18.5,11.65,35.26,18.02,28.76,54.18,27.98,11.54,21.37,11.9,36.28,25.8,17.98,44.43,27.19,21.36,17.62,29.15,12.48,30.62,5.04
424,2015-06-29,9109.726,0.01%,28.9,4.8,11.07,8.17,6.75,9.07,17.43,10.59,6.66,19.22,10.84,32.72,16.79,28.96,48.76,26.31,11.07,19.24,10.71,32.91,23.24,16.18,44.23,27.84,19.23,17.39,27.05,13.19,30.62,4.75
425,2015-06-30,9723.853,0.01%,31.7,5.19,12,8.74,7.06,9.69,18.72,11.42,7.33,20.55,11.69,35.91,18.14,31.32,51.5,28.94,12,20.69,11.59,35.48,24.7,16.96,46.59,30.33,20.47,18.9,29.11,14.04,30.62,5.12
426,2015-07-01,9225.222,0.01%,28.98,4.83,11.16,8.36,6.77,8.85,18.21,10.66,7.21,19.88,10.67,33.03,17.05,29.67,46.35,27.7,11.16,18.83,10.74,32.84,22.53,15.32,45.08,28.31,18.9,18,27.35,13.35,30.62,4.83
427,2015-07-02,8942.171,0.01%,27.75,4.47,10.48,7.63,7.14,8.06,18.65,10.22,7.12,19.98,9.97,29.81,15.84,28.2,41.72,26.03,10.48,16.95,9.75,29.56,20.28,13.79,41.75,26.31,17.01,17.7,25.36,12.02,30.62,4.49
428,2015-07-03,8442.686,0.01%,27.01,4.04,10.02,6.87,6.75,7.27,17.61,9.4,6.77,19.45,8.97,26.83,14.46,27.91,37.55,25.29,10.02,15.26,9.19,26.6,18.56,12.41,38.82,25.22,15.31,17.06,22.82,10.82,30.62,4.08
429,2015-07-06,8789.125,0.01%,27.74,4.35,10.37,7.19,7.34,7.35,18.82,10.22,7.22,20.13,9.13,27.8,15.17,30.7,37.97,26.22,10.37,15.72,9.88,23.94,19.3,11.48,39.04,26.73,15.41,18.18,21.74,11.37,30.62,4.28
430,2015-07-07,8774.692,0.01%,26.68,4.58,9.33,7.5,7.47,6.7,20.21,10.33,7.21,19.89,8.23,25.06,14.42,33.77,34.17,24.3,9.33,14.15,8.9,21.55,17.68,10.33,39.61,25.39,13.88,17.51,19.57,11.09,30.62,4.1
431,2015-07-08,8138.831,0.01%,24.01,4.55,8.4,6.75,6.72,6.03,18.41,9.38,6.55,17.9,7.41,22.55,13,34.3,30.75,21.87,8.4,12.89,8.01,19.52,15.91,9.3,35.65,24.53,12.49,16.48,17.61,10.08,30.62,3.69
432,2015-07-09,8672.123,0.01%,26.41,5.01,9.24,7.43,7.14,6.63,19,10.32,7.21,19.69,8.15,24.81,14.3,35.6,33.83,24.06,9.24,14.18,8.81,21.47,17.5,10.23,39.22,26.98,13.74,18.13,19.37,11.09,30.62,3.97
433,2015-07-10,9115.339,0.01%,29.05,5.51,10.16,8.16,7.35,7.29,18.99,11.32,7.85,21.38,8.97,27.29,15.73,36.08,37.21,26.47,10.16,15.6,9.69,23.62,19.25,11.25,43.14,29.68,15.11,19.92,21.31,12.13,30.62,4.37
434,2015-07-13,9261.121,0.01%,31.93,5.6,10.98,8.2,7.18,8.02,18.31,11.36,7.81,21.19,9.87,30.02,17.3,34.09,40.93,29.12,10.98,17.16,10.66,25.98,21.18,12.38,45.07,31.26,16.62,19.71,23.44,12.12,30.62,4.81
435,2015-07-14,9018.659,0.01%,30.05,5.14,10.28,7.58,6.99,7.99,17.87,10.6,7.29,20.05,9.35,29.6,16.33,33.2,40.11,27.99,10.28,17.21,10.69,28.58,19.93,13.62,41.83,29.26,16.78,18.54,24.98,11.32,30.62,4.57
436,2015-07-15,8765.346,0.01%,27.05,5.17,9.25,7.09,7.31,7.19,18.48,10.51,6.92,18.94,8.42,26.64,15.39,33.73,36.61,25.19,9.25,16.08,9.69,25.73,17.94,12.26,38.98,28.95,15.1,18.78,22.48,11.32,30.62,4.11
437,2015-07-16,8794.872,0.01%,28.03,5.16,9.47,7.23,7.11,7.45,18.15,10.35,6.92,19.32,8.62,28.33,15.62,32.78,38.59,26.03,9.47,16.45,10.03,27.64,18.23,12.61,39.6,13.93,15.67,18.49,23.42,11.14,30.62,4.24
438,2015-07-17,9090.032,0.01%,29.47,5.3,10.16,7.45,7.08,8,18.36,10.72,7.21,20.01,9.19,30.18,16.41,32.98,42.39,27.35,10.16,17.39,10.79,30.4,19.39,13.53,41.2,14.21,16.83,18.99,25.02,11.5,30.62,4.45
439,2015-07-20,9086.511,0.01%,29.47,5.18,10.13,7.36,7.14,8.06,18.44,10.53,7.11,19.9,9.4,30.1,16.27,33.02,42.78,27.09,10.13,17.24,10.84,32.6,19.06,14.27,40.78,13.66,17.19,18.7,25.9,11.31,30.62,4.42
440,2015-07-21,9086.907,0.01%,29.93,5.13,10.25,7.33,7.03,8.06,18.08,10.33,7.14,20.37,9.39,30,16.41,32.38,41.93,27.55,10.25,18.69,10.84,32.12,19.5,15.28,40.49,13.18,17.01,18.43,25.37,11.75,30.62,4.45
441,2015-07-22,9053.955,0.01%,29.61,5.06,10.28,7.38,6.99,8.2,17.85,10.13,7,19.77,9.34,29.75,16.2,31.44,43.47,27.18,10.28,18.43,10.73,33.1,18.95,15.3,40.06,13.15,16.74,18.6,25.54,11.36,30.62,4.36
442,2015-07-23,9265.565,0.01%,30.42,5.23,10.59,7.61,7.02,8.4,17.94,10.39,7.41,20.07,9.8,31.16,16.88,32.08,44.71,28,10.59,18.85,11.02,34.19,19.38,15.85,41.38,13.29,18.41,18.63,26.65,11.44,30.62,4.5
443,2015-07-24,9122.466,0.01%,29.74,5.11,10.36,7.43,6.99,8.1,17.9,10.5,7.16,19.72,9.97,30.73,16.94,31.05,44.43,27.28,10.36,18.41,10.65,35.43,19.47,15.47,40.54,12.91,17.77,18.72,26.21,10.99,30.62,4.39
444,2015-07-27,8327.942,0.01%,26.77,4.6,9.68,6.69,6.29,7.29,16.7,9.45,6.44,18.41,8.97,27.68,15.25,27.95,39.99,24.55,9.68,16.57,9.59,31.89,17.52,14.12,36.5,11.62,15.99,16.92,23.59,9.89,30.62,3.95
445,2015-07-28,8300.937,0.01%,27.41,4.34,9.49,6.63,6.15,7.17,17.04,9.26,6.08,18.91,9.08,28.29,14.12,27.83,37.57,25.33,9.49,15.92,9.58,29.87,17.48,15.53,37.93,11.27,15.48,17.04,22.93,9.5,30.62,3.88
446,2015-07-29,8540.119,0.01%,28.5,4.58,9.89,6.92,6.24,7.82,17.16,9.54,6.42,19.49,9.61,29.95,14.86,28.38,41.33,26.53,9.89,17.09,10.27,32.18,18.16,16.81,38.47,11.71,16.79,17.42,24.5,10.12,30.62,4.13
447,2015-07-30,8310.859,0.01%,27.73,4.37,9.48,6.65,6.16,7.54,16.98,9.08,6.17,18.85,9.09,29.55,14.26,27.99,41.84,25.33,9.48,16.42,10.12,32.87,17.29,16.43,36.96,11,16.46,16.91,23.43,9.84,30.62,3.99
448,2015-07-31,8282.516,0.01%,28.26,4.38,9.49,6.79,6,7.61,17.3,9.2,6.19,19.36,9.18,30.05,14.17,28.24,39.35,25.84,9.49,16.74,10.12,31.15,17.48,15.23,37.16,11.18,15.98,17.26,21.99,10.22,30.62,4.01
449,2015-08-03,8300.823,0.01%,30.09,4.47,9.15,7.23,5.78,8.07,18.09,9.34,6.27,20.45,9.49,30.67,14.16,28.98,35.9,26.66,9.15,16.9,10.12,28.04,18.22,15.21,38.07,11.34,14.96,17.75,19.98,10.5,30.62,4
450,2015-08-04,8549.367,0.01%,30.76,4.6,9.61,7.25,5.93,8.35,18.15,9.58,6.44,21.39,9.91,31.8,15.07,29.21,39.49,27.49,9.61,18.24,10.12,30.84,18.71,16.2,38.86,11.74,16.22,17.99,21.98,10.69,30.62,4.11
451,2015-08-05,8373.448,0.01%,29.74,4.5,9.87,7.06,5.81,8.61,17.91,9.29,6.26,20.92,9.61,30.52,14.72,28.19,39.72,26.73,9.87,18.12,10.12,30.12,18.35,15.48,37.8,11.34,15.8,17.47,22.65,10.31,30.62,4
452,2015-08-06,8302.083,0.01%,30.56,4.44,9.87,6.88,5.75,8.28,18.12,9.09,6.15,22.18,9.37,30.05,15.09,27.88,39.2,26.81,9.87,18.32,10.12,33.13,18.11,15.45,37.18,11.13,16.19,17.27,22.81,10.48,30.62,3.95
453,2015-08-07,8456.561,0.01%,30.8,4.55,10.27,7.02,5.85,8.42,18.29,9.35,6.28,22.03,9.65,30.15,15.71,28.19,40.66,27.3,10.27,20.15,10.12,35.36,18.43,15.85,37.61,11.35,17.14,17.51,23.38,10.59,30.62,4.04
454,2015-08-10,8862.104,0.01%,31.95,4.87,10.65,7.72,6.12,8.81,18.62,9.82,6.91,22.68,10.21,31.49,16.81,29.28,44.73,28.39,10.65,20.96,11.13,36.97,19.44,17,39.05,12.08,18.52,18.15,25.16,10.92,30.62,4.22
455,2015-08-11,8807.609,0.01%,31.33,4.86,10.63,7.75,6.12,8.88,18.2,9.9,7.03,22.1,10.02,30.93,16.8,28.79,49.2,27.89,10.63,20.56,12.24,35.99,21.38,17.66,38.98,12.3,18.2,17.91,25.31,10.8,30.62,4.64
456,2015-08-12,8704.698,0.01%,30.41,4.75,10.34,7.71,6.04,8.53,17.9,9.55,7.18,21.21,10.29,29.99,16.49,28.08,52.43,26.45,10.34,19.8,13.46,35.05,23.52,18.11,38.62,12.05,17.54,17.63,26.66,10.55,30.62,4.71
457,2015-08-13,8820.455,0.01%,31.98,5.02,10.61,7.73,6.07,8.73,17.85,9.59,7.19,21.51,10.61,30.27,18.14,28.32,54.42,26.85,10.61,20.42,13.58,36.41,23.53,18.2,39.54,12.31,18.28,17.71,27.86,10.98,30.62,4.65
458,2015-08-14,8819.809,0.01%,32.1,4.9,10.45,7.61,6.07,8.57,17.74,9.78,7.42,21.17,10.37,30.64,17.73,28.09,54.98,26.7,10.45,20.57,13.59,38.11,22.67,18.57,39.19,12.21,18.12,17.77,27.43,10.9,30.62,4.52
459,2015-08-17,8820.356,0.01%,32.91,5.07,10.94,7.77,6.02,8.59,17.33,9.92,7.43,21.39,10.46,31.4,18.29,27.14,55.39,26.73,10.94,20.31,12.96,37.75,22.82,19.63,38.63,12.01,18.42,18.45,29.12,11.02,30.62,4.57
460,2015-08-18,8263.699,0.01%,29.62,4.56,9.85,6.99,5.83,7.73,16.8,9.1,6.7,20.03,9.41,29,16.46,26.06,49.85,25.09,9.85,18.28,13.35,33.98,20.54,19.63,36.58,11.37,16.58,17.04,26.21,10.21,30.62,4.11
461,2015-08-19,8386.938,0.01%,29.72,4.73,10.22,7.49,5.79,7.93,17.13,9.38,7.37,20.37,9.49,29.58,16.51,26.08,50.61,25.3,10.22,18.4,13.67,35.66,21.02,19.63,36.96,11.51,16.89,17.34,27.32,10.44,30.62,4.25
462,2015-08-20,8115.427,0.01%,27.81,4.53,9.78,7.13,5.6,7.6,16.81,8.99,7.68,19.65,8.95,28.82,15.89,25.08,45.99,24.36,9.78,17.16,12.38,35.31,21.68,19.63,36.11,11.53,15.86,16.84,25.42,10.08,30.62,4.26
463,2015-08-21,7770.587,0.01%,26.08,4.38,9.42,6.79,5.48,7.17,16.54,8.58,7.35,18.88,8.35,27.02,15.49,23.51,44.64,23.96,9.42,16.01,11.14,32.7,22.08,19.63,34.61,10.63,15.19,16.2,23.67,9.62,30.62,4.17
464,2015-08-24,7069.283,0.01%,23.6,3.94,8.48,6.11,4.99,6.45,14.98,7.72,6.62,17.11,7.52,24.32,13.94,22.03,40.18,21.56,8.48,14.41,10.03,29.43,21.32,19.63,31.15,9.57,13.67,14.58,21.3,8.69,30.62,3.75
465,2015-08-25,6558.716,0.01%,24.08,3.55,7.63,5.5,4.49,5.81,14.71,6.95,5.96,16.73,6.77,21.89,12.55,21.35,36.16,19.68,7.63,12.97,9.65,26.49,19.19,17.67,29.54,8.61,12.22,13.73,19.17,8.09,30.62,3.38
466,2015-08-26,6546.765,0.01%,25.04,3.22,7.2,5.16,4.57,5.9,16.09,7.15,5.58,17.78,6.56,22.47,11.64,21.95,32.54,20.38,7.2,12.45,10.39,23.84,17.27,15.9,30.14,8.81,11.6,14.56,18.91,8.39,30.62,3.37
467,2015-08-27,6975.334,0.01%,27.23,3.39,7.59,5.38,4.75,6.3,17.63,7.75,5.94,18.94,6.99,23.98,12.31,24.15,35.79,21.99,7.59,13.48,10.73,24.93,17.64,14.31,33.12,9.47,12.29,15.73,20.38,9.12,30.62,3.49
468,2015-08-28,7256.642,0.01%,28.26,3.62,8.11,5.72,5.03,6.8,17.3,8.13,6.44,19.2,7.56,25.14,13.39,24.78,39.37,22.55,8.11,14.47,11.49,27.42,18.63,15.32,34.12,9.82,13.33,15.93,22.29,9.42,30.62,3.72
469,2015-08-31,7334.357,0.01%,27.26,3.96,7.63,5.71,4.95,6.9,17.05,8.4,6.55,18.78,7.66,24.82,13.28,25.44,37.88,22.56,7.63,15.92,10.49,27.97,17.66,13.79,33.55,10.04,13.04,16.11,20.68,10.07,30.62,3.56
470,2015-09-01,7337.42,0.01%,25.28,4.13,7.12,5.92,5.09,6.88,16.84,8.6,6.5,17.94,7.57,24.03,13.07,26.05,35.55,22.7,7.12,14.94,9.74,25.17,18.28,12.41,33.56,10.11,12.97,16.19,18.61,10.19,30.62,3.65
471,2015-09-02,7345.993,0.01%,26.77,4.31,6.96,6.24,4.89,6.36,16.77,8.51,6.35,18.39,7.66,24.12,13.15,26.43,35.41,23.26,6.96,14.7,9.75,23.58,17.03,11.18,34.08,10.35,13.1,16,18.94,9.77,30.62,3.56
472,2015-09-07,7075.439,0.01%,25.79,4.06,7.13,5.97,4.91,6.41,16.16,7.76,6.17,17.53,7.38,23.55,12.97,24.53,34.26,21.78,7.13,14.1,10.07,25.82,16.88,11.97,32.83,9.77,12.92,15.11,18.75,9.19,30.62,3.59
473,2015-09-08,7260.382,0.01%,27.55,4.09,7.42,6.06,5.04,6.57,16.65,7.96,6.19,17.93,7.59,24.38,13.45,25.46,34.96,23.32,7.42,14.48,10.45,27.58,17.21,12.86,32.93,9.89,13.56,15.42,20.63,9.52,30.62,3.64
474,2015-09-09,7388.281,0.01%,27.91,4.14,7.66,6.17,5.15,6.78,16.75,8.19,6.37,18.65,7.78,25.14,13.87,25.58,36.04,23.62,7.66,15.06,10.77,27.58,18.13,13.21,33.48,10.02,13.9,15.61,20.15,9.56,30.62,3.75
475,2015-09-10,7335.177,0.01%,27.3,4.05,7.5,6.03,5.05,6.59,17.29,8.26,6.26,18.59,7.69,24.58,13.44,25.4,36.72,23.68,7.5,15.15,10.4,27.58,17.37,13.22,32.71,9.93,13.62,15.79,19.73,9.51,30.62,3.64
476,2015-09-11,7310.292,0.01%,28.47,4.11,7.61,5.98,5.02,6.58,17.12,8.19,6.21,18.39,7.66,24.01,13.39,25.04,36.37,23.85,7.61,14.99,10.31,28.91,17.3,13.23,32.21,9.78,13.54,15.7,21.51,9.3,30.62,3.6
477,2015-09-14,7304.834,0.01%,26.53,3.76,6.85,6.04,4.85,7.24,18.35,8.29,6.28,18.47,7.65,23.83,13.48,26.26,36.42,23.81,6.85,15.13,10.15,26.02,17.18,13.44,31.19,9.92,12.92,15.62,19.4,9.68,30.62,3.63
478,2015-09-15,7031.605,0.01%,26.42,3.43,6.7,5.67,4.84,6.64,18.01,7.99,6.03,17.92,6.99,22.6,12.83,26.92,32.78,22.72,6.7,14.21,9.44,23.42,15.73,12.1,30.72,9.66,11.63,15.34,17.6,9.43,30.62,3.35
479,2015-09-16,7332.038,0.01%,28.39,3.75,7.32,6.01,5,7.18,17.88,8.38,6.33,18.88,7.52,24.05,13.76,27.43,35.48,24.11,7.32,15.23,10.34,25.76,16.82,13.19,32.34,10.18,12.7,16.06,19.21,9.75,30.62,3.59
480,2015-09-17,7167.777,0.01%,27.22,3.72,7.09,5.83,4.95,6.89,17.56,8.11,6.18,18.56,7.36,23.28,13.13,26.45,34.07,23.23,7.09,14.66,9.94,26.04,16.85,12.64,32.75,9.76,12.28,15.54,18.67,9.32,30.62,3.5
481,2015-09-18,7186.652,0.01%,27.33,3.82,7.13,5.82,4.95,6.86,17.71,8.15,6.19,18.51,7.34,23.19,13.06,26.29,34.1,23.24,7.13,14.48,10.07,26.84,16.76,12.72,32.22,9.88,12.44,15.75,18.88,9.2,30.62,3.51
482,2015-09-21,7282.294,0.01%,28.04,3.87,7.3,5.86,5,7.04,17.57,8.22,6.25,18.85,7.45,23.48,13.36,26.26,35.95,23.75,7.3,15.24,10.46,29.49,17.24,13.13,32.27,9.95,13.18,15.98,19.44,9.29,30.62,3.55
483,2015-09-22,7351.102,0.01%,28.3,3.88,7.35,5.91,5.04,6.95,17.96,8.28,6.3,18.87,7.47,23.8,13.53,27.02,36,24.32,7.35,15.39,10.77,31.01,17.32,13.86,32.28,9.97,13.17,15.93,20.42,9.31,30.62,3.57
484,2015-09-23,7164.634,0.01%,27.3,3.72,7.21,5.69,4.85,6.7,17.73,8.05,6.08,18.2,7.2,23.76,13.07,26.47,36.08,23.82,7.21,15.03,10.35,30.89,17.32,13.55,31.77,9.64,13.1,15.69,20.42,9.06,30.62,3.44
485,2015-09-24,7208.594,0.01%,28.23,3.75,7.31,5.71,4.86,6.77,17.52,8.13,6.1,18.38,7.24,24.04,13.19,26.43,36.6,23.51,7.31,14.92,10.5,31.97,17.32,13.68,31.88,9.69,13.38,15.73,20.42,9.05,30.62,3.47
486,2015-09-25,7125.868,0.01%,28.17,3.64,7.11,5.56,4.87,6.44,17.72,8.02,6.3,18.06,7.16,23.28,13.02,26.39,36.35,22.62,7.11,14.29,10.15,28.77,17.32,13.53,31.46,9.43,12.64,15.4,20.42,9.09,30.62,3.51
487,2015-09-28,7119.292,0.01%,28.23,3.66,7.21,5.6,4.83,6.47,17.51,7.98,6.14,18.73,7.18,23.04,12.99,26.14,35.95,22.66,7.21,14.5,10.22,30.56,17.32,13.71,31.97,9.37,12.74,15.42,20.28,9.07,30.62,3.47
488,2015-09-29,6976.287,0.01%,27.68,3.53,7.04,5.47,4.72,6.32,17.44,7.72,6.01,18.36,7.23,22.3,12.55,25.72,34.38,21.92,7.04,14.2,10.05,28.79,17.32,13.74,31.94,9.03,12.33,15.27,19.29,8.82,30.62,3.37
489,2015-09-30,7030.858,0.01%,27.72,3.55,7.25,5.59,4.74,6.36,17.77,7.99,6.01,18.8,7.16,22.47,12.65,25.53,35.36,21.92,7.25,14.19,10.15,29.23,17.32,14.32,32.14,9.06,12.5,15.38,19.02,8.83,30.62,3.38
490,2015-10-08,7216.037,0.01%,28.65,3.64,7.5,5.77,4.89,6.58,17.73,8.25,6.14,19.06,7.36,23.94,13.15,25.9,37.1,24.11,7.5,14.88,10.48,30.61,18.03,15.75,32.42,9.34,13.27,15.86,19.85,9.02,30.62,3.48
