sz.000667,sz.000608,sz.000002,sz.000668,sz.000402,sz.000691,sz.000560,sz.000573,
0.004960235,-0.001450814,0.034821447,0.007232757,0.012343123,0.027564597,-9.03E-05,0.027291986,
-0.010140521,0.039419267,-0.03459977,-0.00736006,-0.022897288,-0.001166696,-9.03E-05,-0.051262978,
0.002447801,0.037917594,-0.001295089,0.003978078,-0.000987936,0.044090764,-9.03E-05,0.007774899,
-0.010216852,-0.011453906,-0.011348814,0.007203085,-0.010871941,0.019517573,-9.03E-05,-0.043568531,
-9.03E-05,-0.011584523,-0.017577053,-0.008939828,0.019891565,-0.002114561,-9.03E-05,0.002240732,
0.00502482,-0.003966239,0.002393174,0.016955185,-0.006323574,0.018165308,-9.03E-05,0.004560893,
-0.017901975,-0.006575354,0.085789168,-0.004878778,0.000805788,0.049710527,-9.03E-05,0.020743063,
0.020635119,0.011659077,0.009795661,0.013943411,0.005281261,0.05019436,-9.03E-05,0.024853041,
0.004985872,0.001200053,-0.021551113,0.000700556,-0.007214046,0.026106659,-9.03E-05,-0.002302659,
0.002434983,-0.018131507,-0.011248408,-0.004831479,-0.003677714,-0.032660693,-9.03E-05,-0.011176745,
0.002428622,-0.007964286,0.048158757,0.025316638,0.01611135,0.009918829,-9.03E-05,0.032420941,
-0.002602833,0.007846238,-0.009741347,-0.003187444,0.005224168,0.016125946,-9.03E-05,-0.013119586,
-9.03E-05,-0.005339614,0.011903733,-0.002420367,0.017530875,0.029165049,-9.03E-05,0.02741248,
-0.002609162,0.006506036,0.026576397,-0.00125804,-0.000956071,-0.000951596,-9.03E-05,0.043806946,
0.01001074,-0.009264582,-0.011634282,0.005365693,0.005975588,-0.018193718,-9.03E-05,0.001961012,
-9.03E-05,0.007846238,-0.003739905,0.032855466,-9.03E-05,0.043807886,-9.03E-05,0.022427642,
0.00490973,0.007783746,-0.003020673,-0.009846368,0.030056155,-0.00597757,-9.03E-05,0.004914735,
-0.007552957,-0.013111103,-0.010744201,0.016582712,0.04087963,-0.033931218,-9.03E-05,-0.025986684,
0.004922261,0.007825297,0.009935723,-0.016117106,-0.012138463,-0.020230375,-9.03E-05,0.00195472,
0.004897261,0.027396641,-0.030237329,-0.001984209,0.007226803,-0.043879367,-9.03E-05,0.006032179,
-0.005053049,0.020291896,-0.008429921,0.002945783,-9.03E-05,-0.04962298,-9.03E-05,-0.046743414,
-0.007571567,0.018636322,0.031255296,-0.017116377,-0.036409883,-0.031555363,-9.03E-05,0.008420368,
0.027547921,-0.00254125,-0.000460915,0.00260411,0.043460819,0.024275212,-9.03E-05,0.038939266,
-0.024540148,0.002366732,-0.019370952,-0.017364742,-0.038613544,-0.006036752,-9.03E-05,0.008031557,
-0.015127864,0.019517573,-0.036007094,-0.002824645,-0.059355712,0.002900757,-9.03E-05,-0.002104369,
0.004998789,0.03115973,-0.004796152,0.034770678,0.004346287,0.004879909,-9.03E-05,0.047336572,
0.002441376,-0.011745282,-0.009546535,0.00331624,-0.001857054,0.028594201,-9.03E-05,-0.002980443,
-0.01019128,-9.03E-05,-0.016001169,-0.013292835,-0.012479651,-9.03E-05,-9.03E-05,-0.003955004,
-9.03E-05,-9.03E-05,0.002739156,-0.008500056,0.005286074,0.009525115,-9.03E-05,0.008639119,
-0.040906597,-0.041363855,-0.062565079,-0.063698597,-0.058913799,-0.04961408,-9.03E-05,-0.038551808,
0.005228879,0.040500136,-0.008688722,0.025434637,0.012220336,-0.014118326,-9.03E-05,-9.03E-05,
-0.005381275,0.061375451,-0.033481423,0.005529963,-0.023476613,0.012104852,-9.03E-05,-0.01609027,
0.002569304,-0.012339713,0.001704257,0.005099351,-0.007753105,0.008945875,-9.03E-05,-9.03E-05,
0.00521477,-0.01587381,0.005731494,-0.000884551,0.003770734,0.027770427,-9.03E-05,0.099503226,
-0.005367315,0.02969209,-0.060642362,-0.001680095,-0.011628732,0.002813893,-9.03E-05,0.053514166,
-0.01070035,0.007696159,-0.036583161,-0.010838678,-0.011763422,-0.004916525,-9.03E-05,-9.03E-05,
0.00527166,-0.001194023,0.007287988,0.004336289,0.012705006,0.003789458,-9.03E-05,0.014822011,
-0.005423603,-0.007825077,0.006257386,-9.03E-05,0.01059972,0.009571566,-9.03E-05,-0.0061404,
-0.013495096,-0.010112542,-0.015131512,0.001512294,-0.003936424,-0.03071228,-9.03E-05,-0.065307661,
0.002627121,-0.005714567,0.01715111,0.00390973,0.028867259,0.015704399,-9.03E-05,0.012002753,
-9.03E-05,-0.0068776,0.037197865,0.039351961,-0.00759496,-9.03E-05,-9.03E-05,-0.012038799,
-0.005510324,-0.02628617,-0.010361045,-0.020021278,-0.014267964,-0.007864808,-9.03E-05,0.028746939,
0.002634526,0.01745359,-0.017071402,-0.0345056,-0.008719225,0.013621777,-9.03E-05,-0.03083168,
0.002627121,0.030944213,-0.014005817,0.012060398,-0.003958742,0.028895237,-9.03E-05,0.000842566,
0.010749838,-0.005664406,0.008668854,-0.003691711,0.017385458,0.012116303,-9.03E-05,-0.009409934,
0.002590695,0.009999416,0.005698442,0.01115471,0.007543318,0.001765018,-9.03E-05,-0.058415764,
-9.03E-05,-0.011189049,0.00374666,-0.002870254,-9.03E-05,-0.012127307,-9.03E-05,0.002906733,
-0.00811166,-0.058451662,-0.013945979,-0.002479756,0.0008567,-0.008525134,-9.03E-05,-0.006066366,
0.005300566,-0.00485785,0.000878722,0.004700149,-0.002928492,-0.017103503,-9.03E-05,-0.019128346,
0.007952625,-0.014461527,-0.003962487,0.018582753,-0.001039036,-0.001051808,-9.03E-05,0.020338739,
-0.010728568,-0.006165604,-0.008836626,-9.03E-05,-0.014335284,0.002797122,-9.03E-05,-0.016106286,
-0.010842958,-0.020872666,-9.03E-05,-0.008670613,-0.01743131,-0.001049963,-9.03E-05,0.014151846,
-0.010959835,0.004903488,0.069027377,-0.020939995,-0.009894192,-0.047160395,-9.03E-05,-0.003099297,
-0.03031005,-0.033630643,-0.037229197,-0.034642299,-0.021872448,-0.050493496,-9.03E-05,-0.099687856,
0.002742591,0.001195077,-0.00961408,0.001574316,0.005982604,-0.02875269,-9.03E-05,-0.016850047,
-9.03E-05,0.046122824,0.005678961,0.003233369,0.021036491,-0.008833439,-9.03E-05,-0.01259027,
-0.008564846,-0.036900086,-0.015386637,-0.000504349,-9.03E-05,-0.008910557,-9.03E-05,-0.006994758,
0.011305741,0.010100813,0.003793225,0.001566731,0.013702833,0.016594936,-9.03E-05,0.014973461,
0.016811138,0.016303173,0.002811084,0.004872509,0.003796999,-0.015407557,-9.03E-05,0.011325255,
0.005449896,0.034649184,-0.002501071,-0.013258994,-0.003962487,0.002131952,-9.03E-05,-0.001218938,
0.002664551,0.025089586,-0.003956872,-0.002175341,0.005740634,0.013213499,-9.03E-05,0.001039674,
0.019140499,0.008096865,0.003306139,0.012028409,0.012470116,0.031638395,-9.03E-05,0.005553071,
-0.005481106,-0.016331569,-9.03E-05,0.000322612,-0.002952865,-0.011755169,-9.03E-05,-0.016925287,
0.005329784,-0.021316685,0.001360407,0.001147865,0.007565232,-0.002236193,-9.03E-05,-9.03E-05,
-9.03E-05,0.007138646,-0.00347028,-0.001739075,0.012255409,0.004210805,-9.03E-05,0.052421146,
0.005300566,0.003498247,0.00233221,-0.004631971,-9.03E-05,-0.001160934,-9.03E-05,0.000994329,
-9.03E-05,-0.003665955,0.005226308,0.009864106,0.016795283,0.009556032,-9.03E-05,0.012910813,
0.007952625,-0.019229026,-0.006821039,0.001141763,-0.006547834,0.016894868,-9.03E-05,-0.005437864,
-9.03E-05,0.042592657,0.005234028,-0.000500442,0.009194781,-0.017835573,-9.03E-05,-0.001165539,
-0.002749844,-0.007107814,0.006650221,-0.015272872,-0.004690086,-0.010717263,-9.03E-05,-0.010854533,
-0.00809027,-0.014224546,-0.011568032,-0.009256937,-0.012105057,-0.003312612,-9.03E-05,-0.020764916,
0.010662418,0.008272932,0.000393523,0.000750773,0.003651545,0.005297661,-9.03E-05,-0.001201381,
-0.005409419,-0.009568943,-0.006860096,-0.02403985,-0.015001733,-0.017239252,-9.03E-05,0.005471465,
0.00793112,-0.03717161,0.003317714,-0.022905595,0.03491446,0.022810493,-9.03E-05,0.015396456,
0.00786729,0.008605382,0.01786218,0.024138805,0.007222344,-0.00542076,-9.03E-05,0.006445678,
0.005172888,0.001141257,-0.003903425,-0.002670915,0.015336227,-0.006521138,-9.03E-05,-0.002254772,
-0.005325872,-0.009930368,-0.005353428,-0.003971253,-0.016176061,-0.004405265,-9.03E-05,0.017263309,
-0.005353428,-0.00630145,-0.003457273,0.003372933,0.002634525,-0.002257117,-9.03E-05,0.026562182,
-0.005381275,-0.01884027,-0.00974278,-0.006561366,-0.019112009,0.003167059,-9.03E-05,-0.013589751,
0.002569304,-0.005185811,0.000397059,-0.004432432,0.004526535,-0.004419274,-9.03E-05,0.007278151,
-9.03E-05,0.024237515,-0.001551546,0.013429137,0.006343554,0.02164886,-9.03E-05,0.001999594,
-0.00804783,0.00490973,-0.007895148,0.014969971,-0.003743238,-0.016047717,-9.03E-05,-0.003218529,
-0.00811166,-9.03E-05,-0.006973259,-0.02722041,-0.012922534,0.00963946,-9.03E-05,0.007231906,
0.007995983,-0.007552957,0.000899829,0.009495787,0.010123286,0.010616368,-9.03E-05,0.005101838,
0.00793112,-0.010115333,0.001887969,0.006815211,-9.03E-05,-0.00538688,-9.03E-05,-9.03E-05,
-0.00539531,-0.003887738,0.022614567,0.001195628,0.010020024,-0.010739897,-9.03E-05,-0.024883658,
-0.00809027,-9.03E-05,-0.010225405,-0.002230681,-0.011919206,-0.003319549,-9.03E-05,-0.022336033,
-9.03E-05,0.002451026,0.004297833,0.000767731,0.010959454,-0.008729579,-9.03E-05,0.018327932,
0.01335059,-0.001357697,0.005249536,-0.000947535,0.01721392,0.006445678,-9.03E-05,0.004165049,
0.00256225,-0.005166412,0.041435563,-9.03E-05,0.005281261,0.010732241,-9.03E-05,-0.001149592,
-9.03E-05,0.013940342,-0.013071262,-0.00995728,-0.002761686,-0.003302261,-9.03E-05,-0.012815615,
0.023719254,0.0074569,-0.001029678,-0.006156128,0.004374016,0.012799096,-9.03E-05,0.006354413,
-0.013010167,0.008648806,0.012603665,0.002525249,0.001687508,-9.03E-05,-9.03E-05,-0.022502223,
-0.010561474,0.011048344,-0.019124625,-0.004003313,-0.024047679,0.000970175,-9.03E-05,0.026110603,
-0.002735773,-0.009882192,0.002276034,0.001655692,0.012637003,-0.01068349,-9.03E-05,-0.008600908,
-0.00539531,-0.011215115,-0.005283849,-0.016648004,-0.026122586,-0.007584917,-9.03E-05,-0.02369542,
-9.03E-05,-0.01509027,0.017944851,-0.002748666,0.010047979,-0.007641511,-9.03E-05,0.004305334,
0.002576397,0.016407192,0.001774532,-0.018304397,0.009946227,-0.016394618,0.09990973,-9.03E-05,
-0.008068993,-0.018816862,-0.013584919,-0.031764478,-9.03E-05,-0.013349939,0.09956008,-0.028536659,
-0.002771235,0.011360112,0.003211617,0.002246179,0.002619757,0.008868297,0.076221336,-0.023738919,
-0.010842958,-0.008895301,-0.012314059,-0.018738289,-0.008198378,-0.027837218,0.033883142,-0.016237906,
-0.024546792,-0.001359306,-0.022936534,-0.041420436,-0.011897718,-0.050318581,-0.10009027,-0.028226261,
0.005480761,0.004992322,0.00234519,-0.009505533,0.018292083,0.001111653,-0.10009027,0.001116003,
0.024840478,0.013816178,-9.03E-05,0.023421486,0.079332113,0.014315492,0.005200735,0.007138646,
0.005315135,0.039809979,0.010113812,0.018971314,-0.0218294,0.027128665,-0.021142902,0.008282936,
-0.005466614,-0.042056697,0.000390731,-0.004886433,-0.023167193,-0.007002712,-0.023387761,-0.006021468,
0.005315135,-0.01135435,-0.009705655,-0.022258945,0.099647263,0.038192793,-0.063393022,-0.029923206,
0.018726934,-9.03E-05,0.004764099,0.005823973,0.022980533,0.007730959,0.018518937,0.042960161,
-0.005367315,-0.001356093,0.015368667,-0.020178462,-0.049079383,-0.013394039,-0.047205655,0.052975768,
0.018477369,0.006246866,-0.003896169,-0.00509027,0.057963695,-0.003461057,0.015045956,-0.031445253,
-0.018319437,-0.005128053,-0.014416918,-0.0372762,0.010728895,-0.026020371,-0.001084306,-0.048645183,
-0.01070035,-0.043128245,-0.003966239,-0.056457702,-0.03831657,0.010326397,0.011850029,-0.030466941,
-0.002771235,-0.038450058,-0.004467702,-0.032169916,0.031706232,-0.027581679,-0.008939828,-0.040190521,
-0.018907474,-0.011094397,0.002840849,-0.045804556,0.023022211,-0.035425959,-0.001082333,-0.031421863,
-0.002829996,-0.012607655,0.004780651,-0.001287875,-0.030963764,-0.025731296,0.002888876,-0.006828814,
-0.011079281,0.021036491,0.002333385,-0.003687392,-0.01951529,-9.03E-05,0.003870126,0.036544737,
-0.02509027,-0.00146958,-0.012179245,-0.09575814,-0.024654454,-0.035177989,-0.01192459,-0.023650479,
-0.008637279,0.002672161,0.005783445,0.068439337,0.02103077,-0.019570789,0.000907734,-0.016176061,
0.002783293,-0.012486964,-0.009336013,0.00862704,0.010251814,0.009181253,0.007885802,-0.046411796,
-0.014499473,0.066855337,-0.029559818,0.006699853,-0.086704443,-0.004027278,0.014746525,-0.017233127,
-0.003014247,0.022131952,-0.013248165,0.030565769,0.013702833,-9.03E-05,0.000884389,0.024619032,
-0.003022821,-0.023108173,-0.015474885,0.016566482,-0.037505236,0.011767438,-0.009827368,-0.00150871,
-0.008913799,0.032632243,-0.017798604,-0.00243082,-0.002740447,0.049388897,0.002859583,-0.022817543,
-0.006024988,-0.006427406,0.008393293,-0.004195842,0.02028174,-0.013737913,-0.016756937,-0.005904223,
-0.009045494,-0.011569862,-0.006925181,-0.036014887,-0.037416659,-0.013926748,-0.001087279,-0.029330036,
-0.006114366,-0.037509625,-0.022324256,0.000520604,-0.0361588,-0.048559658,-0.002086278,-0.024186656,
0.009000639,0.05218855,0.008031008,0.012730243,0.005522452,-0.029580887,0.00090973,-0.00626311,
-0.018108288,-0.01919855,0.002595014,0.01075964,-0.030787945,0.001290945,0.000908731,-0.035804556,
-0.033729414,0.028481159,0.030439993,-0.009631117,0.001829116,-0.027676477,-0.095898653,-0.029075777,
0.012567958,0.001172356,0.008225738,0.005328153,0.042055324,0.00132817,-0.003401528,0.00322648,
0.00615973,0.030174547,-0.003183053,-0.000689072,0.070681789,0.014074036,-0.002305109,-0.005048948,
0.00612091,0.007253671,-0.005777964,0.019682049,0.00935179,0.01387621,0.009898631,0.021504414,
-0.00317669,0.013275465,-0.004770457,0.021061316,-0.019648093,-0.011109554,-0.005584775,0.011291844,
-0.009378196,-0.016876841,-0.00531493,0.025226186,0.004246243,-0.005661301,-0.011139994,-0.01616744,
0.01240973,0.020641437,0.006737461,-0.004018441,-0.02426989,0.00271085,-9.03E-05,0.009713652,
-0.018608789,0.002299216,-0.005306754,-0.013048016,-0.010709739,-0.0503696,-0.020202002,-0.029216484,
-0.018958195,-0.010817326,0.008299872,-0.023492096,0.019587726,-0.05009027,-0.027456291,-0.011756937,
-0.006500526,0.009548284,-0.002170353,-0.03807975,0.01745359,-0.018666121,-0.015330598,-0.003462951,
0.022490375,0.028549348,0.068174451,-0.001305337,0.018013178,0.015682601,-0.002471222,0.099740525,
0.031455471,-9.03E-05,0.002348755,-0.001915088,-0.006017451,0.0092265,0.001103047,0.007602038,
-0.006206478,-0.017491662,0.034459608,-0.006184115,-0.007756369,-0.007782578,0.00229352,-0.022991033,
0.006063576,0.002271005,-0.008086507,-0.024001981,0.002484837,-0.048152286,-0.007224634,-0.05321527,
0.100827161,0.008154724,-0.006728487,-0.025215898,0.010183703,0.024339697,0.004700149,0.100569796,
-0.019534714,0.001077954,0.007069634,0.007641689,-0.000937727,0.014218156,-9.03E-05,0.023897736,
-0.025586021,0.001076591,-0.010990744,0.000549116,0.005846965,0.010881517,0.069039647,0.010158632,
0.014444614,-9.03E-05,-9.03E-05,0.037609411,0.014243626,0.024715932,0.001024557,0.012953208,
-0.008686259,-0.0303933,-9.03E-05,0.012225001,-0.008402822,-0.009167426,-0.013453299,0.014215882,
-0.014541137,-0.009705655,-9.03E-05,0.037014353,0.02254175,-0.001616988,0.010067744,-0.027272034,
-0.020618129,-0.002517454,0.039679735,-0.046424581,-0.009106663,-0.012322686,-0.028023231,-0.017737329,
0.005897754,-0.003739905,0.013734615,0.004829779,-0.010842958,0.010745643,0.003358006,0.005897754,
-0.00306646,0.006014736,-0.029635724,0.012149632,-0.033535086,-0.012341419,0.003346156,-0.010506937,
0.011850029,-0.031643668,-0.014610176,0.005351084,0.019805924,0.023165544,0.015891465,0.004421008,
-0.005989975,-0.016380997,-0.004843122,0.001112376,-0.018527493,0.001424882,-9.03E-05,-9.03E-05,
0.002877089,-9.03E-05,0.001819949,0.013122943,0.018693272,0.015038323,-9.03E-05,0.005897754,
-0.00304885,0.038126291,0.002292952,-9.03E-05,-0.002724159,-0.001580583,-0.002337461,-0.013483127,
-0.003057629,-0.014814196,0.000385241,-0.002461343,0.013113956,-0.003075345,0.001035856,-9.03E-05,
-0.009018841,-0.01005291,0.039833684,-0.007814572,0.005991398,-0.033024402,-0.002339989,-0.036289365,
-0.003093273,-0.031536811,0.100001138,-0.01506033,0.034452044,0.00610168,0.002164521,-0.001655215,
0.011957923,0.012896743,0.100034367,0.012067785,0.003248628,0.004525115,0.004409168,0.0249881,
-0.00306646,-9.03E-05,-0.035588759,0.004113934,-0.010073631,-0.012341419,-0.004569553,-0.006206478,
-0.012030569,-0.007782578,-0.021233575,-0.01085582,-0.016896993,-0.021795696,-0.009089145,-0.017013347,
-9.03E-05,-0.018178125,0.00630973,0.005955679,0.003328534,0.014172804,-0.006900713,0.004604566,
-9.03E-05,-0.004037638,-0.007641939,0.003515499,-0.001793848,0.01240973,0.006766873,0.009255524,
-9.03E-05,-0.018584325,-0.016109493,0.004101347,0.011855122,0.026144298,0.003314951,0.00145294,
-9.03E-05,-0.001436165,-0.028987299,-0.000686573,-0.030444401,-0.006105308,-0.002352713,-0.010876094,
0.005952026,-0.002785688,0.028409311,0.002893024,0.004257556,0.002935449,-0.002357844,0.007697892,
-0.003093273,-0.001441621,-0.013130205,0.001694382,-0.00961408,0.039125416,0.006727912,-0.00627265,
0.002921778,-0.00279663,0.018076534,0.000503554,0.013895744,0.012972139,0.030383771,-0.0047559,
0.002912733,0.001266582,-0.009417115,0.020087772,0.006806282,0.008505719,-0.009947882,-0.01571527,
-0.003084282,0.002619757,0.013008379,-0.011143208,-0.006939585,-0.024237997,-0.005621243,-0.008026778,
-0.006096276,-0.010901081,0.028596598,-0.026560858,0.003358006,-0.003001478,-0.014550782,0.02230973,
-9.03E-05,-9.03E-05,-0.040545886,0.004743567,0.010219008,0.011588562,-0.003476275,-0.014174777,
-0.003111418,-9.03E-05,0.006459054,-0.012718051,0.019467553,-0.02029229,-0.002355276,-0.012788683,
-0.039484209,-0.019215953,-9.03E-05,-0.028104886,-0.004260412,-0.050163908,-0.056843959,-0.046714064,
0.006218878,0.009659034,0.028783256,-0.001343403,0.019172711,-0.037299572,0.013146794,0.008341433,
0.015583711,0.004047661,-0.006414381,-0.001344975,0.018808662,0.014402484,0.002285027,0.013287656,
0.012255409,0.017766873,0.008262952,0.006819278,-0.002509625,0.007846238,0.018867076,0.03621336,
-0.006187831,-9.03E-05,-0.022575477,-0.003209422,-0.017875233,-0.001665073,0.059212056,0.006279157,
0.015247153,0.001259258,-0.039638293,0.00554177,0.01719368,0.044073768,-0.016555693,0.003074287,
-0.012174862,0.01203911,-0.022779346,0.039735492,-0.029216483,-0.004621992,-0.025759913,-0.015863141,
-9.03E-05,-0.016068965,0.006788492,-0.018043591,-0.016756937,-0.018299678,0.099566087,-0.009705655,
0.012142146,0.00532245,-0.01802366,0.023675726,0.001604645,0.00300092,0.053089918,0.009618468,
-9.03E-05,0.001255625,0.027301034,-0.001875984,-0.001782317,-0.006253598,0.059315671,-0.001692834,
0.01501547,-0.002778442,-0.011093233,0.01004688,-0.002632643,0.010762443,0.044769543,-0.004905679,
-0.00306646,-0.002785688,0.002049225,0.012896743,0.015202848,0.013713411,-0.04302408,-0.00492898,
-0.003075345,-0.02036054,0.006741498,-0.00999703,-0.020173952,0.013525464,-0.028127653,0.022600168,
-9.03E-05,0.019220075,-0.020022416,-0.001267433,-0.018877631,-0.003075345,-0.010667193,-0.012768558,
-9.03E-05,0.00938199,-0.011773524,-0.007750847,0.002520696,0.010388772,-0.047709318,-0.014536498,
-0.003084282,0.001250213,-0.005782039,-0.005434688,0.000777786,-0.019349529,0.008072995,0.003167059,
0.002912733,0.002587106,0.002551738,0.008267939,-0.007895994,-9.03E-05,-0.013248165,-0.013077283,
-0.003084282,-0.008100951,0.007814869,0.002277995,0.002532107,0.0074626,-0.01034668,0.001554467,
0.005915736,-0.037775331,-0.006626218,0.005225737,-0.014039703,-0.00158952,0.037215429,-0.016510631,
-0.015015643,0.005504136,-0.034300796,-0.025942209,-0.029267989,-0.024114294,-0.071019341,-0.016784761,
0.039303669,0.009645474,-0.003269198,0.0342885,0.016303173,0.03990973,0.003135536,0.01179428,
-0.008836626,0.010929014,0.003098796,0.012737718,0.007974246,0.00286831,0.013843278,0.001587582,
-0.005972623,0.005359321,-0.007356392,0.01084813,-0.004534715,0.013184066,0.044307193,-9.03E-05,
0.00582689,0.016169893,0.00265447,0.008451871,0.011516873,0.017376979,-0.013248165,0.008284939,
-0.005972623,0.00390973,0.040968124,0.001603688,0.031683781,0.00277096,-0.016500526,-0.008395918,
0.014702629,0.005221815,-0.008854512,0.0078015,0.032416146,-0.004369871,0.023893046,0.006609898,
-0.003005722,-0.004053282,0.025992842,0.001028298,-0.014174777,-0.001522935,-0.00518192,-0.013401418,
-0.01763413,-0.00406905,0.001202276,-0.001766248,0.002430738,0.015691653,-0.012372767,-0.003462951,
-0.00306646,-0.004084944,-0.006544659,0.006624895,-0.005957831,0.008384306,0.009236155,-0.00685846,
0.011850029,0.013278714,0.004673697,-0.005648914,0.016773136,0.00131029,-0.009330516,0.015241928,
0.002859583,-0.002728792,0.034823523,-0.002326156,-0.013357268,0.013895744,0.006127347,0.004943287,
-0.003031446,-0.011995032,0.005939017,-0.00961408,0.000750066,0.03990973,0.099806743,-9.03E-05,
-9.03E-05,0.00660317,-0.005227256,0.001606563,0.01502308,-0.019984169,0.092606359,0.006587526,
-9.03E-05,-0.016047717,-0.000520563,-9.03E-05,-0.019941386,0.01208835,0.048752918,-0.005065394,
0.008759288,-0.014955135,-0.015156994,-0.005172145,-0.001778034,-0.014796152,-0.027868048,-0.001756937,
-0.005938223,0.001281472,0.003406234,0.003314951,-0.010233973,-9.03E-05,0.016716453,-0.003429168,
-0.003031446,0.005389182,0.034752935,0.018009278,0.012719294,0.001266582,-0.014966303,0.003259814,
-9.03E-05,-9.03E-05,0.001593232,-0.006201381,-0.010208314,0.01887992,-0.020224498,0.014934772,
0.020558698,-0.006902259,0.091086201,-0.016859415,0.022056238,-0.013388142,-0.008651914,0.001554467,
-0.011650964,-0.008320723,-0.007021344,0.000478235,0.01990973,0.009343692,-0.044131721,0.011403983,
-9.03E-05,-0.01668778,-0.019865376,-0.002362997,-0.015613146,0.045303588,0.008039811,0.00477986,
-0.0088622,0.0013162,-0.00088141,-0.013757696,-0.01502803,0.036946767,0.02679145,-0.011398832,
0.005809435,-0.004303753,0.019703871,0.012611809,-0.00177519,-0.009942487,-0.014051876,0.009713652,
0.008707384,0.006961916,0.069785506,-0.001230521,0.02269454,0.006128635,-0.016019474,-0.001708393,
0.011537637,0.099349506,0.063044708,-0.008651914,0.017236463,-0.001326364,0.007103975,0.030703895,
-0.002963833,-0.006459697,-0.043093683,-0.004120207,0.00964209,-0.013704131,0.026695444,-0.004807251,
0.028728174,0.030678961,0.025943967,0.003955973,0.042480011,-0.003854385,-0.017481574,0.02676597,
0.00271085,-0.019990768,-0.001480607,0.000485435,0.012236387,-0.001349716,-0.02309912,-9.03E-05,
-0.028023231,-0.052120727,-0.011576521,-0.001241018,-0.03205374,-0.035399223,-0.001901864,-0.035474885,
-0.002963833,0.036054308,-0.020864918,-0.013339118,0.016419164,0.029975089,-0.010979562,-0.001685166,
-0.028908714,0.025749523,-0.060859777,-0.014684549,-0.069695838,-0.034354229,-0.034035224,-0.03523404,
-9.03E-05,0.023839201,0.024412027,-0.008384109,0.007391027,-0.007974633,0.021752085,-0.008368416,
0.008811807,-9.03E-05,0.002899267,0.003493959,0.064266166,-0.00803729,0.022214563,0.013265323,
-0.014796152,-9.03E-05,-0.016111134,-0.000685508,-0.044276316,-0.018781859,-0.010999361,-0.024801967,
0.005879879,-9.03E-05,-0.006148581,0.017181916,-0.01144469,-9.03E-05,-9.03E-05,0.006666487,
0.008811807,-9.03E-05,0.008290682,0.007520971,0.004831797,-0.004171903,-9.03E-05,0.011654696,
0.008733259,-9.03E-05,0.004443164,-0.002995558,-0.013151495,0.009472572,-9.03E-05,-9.03E-05,
-9.03E-05,-9.03E-05,0.010440005,0.005154485,0.00239112,0.01073517,-9.03E-05,0.004884854,
-0.008836626,-9.03E-05,0.008469462,-0.00124969,-0.012466508,0.009280547,-9.03E-05,-0.008341095,
0.002850906,-9.03E-05,-0.006363333,-9.03E-05,0.008263949,0.00388851,0.100093554,0.001573624,
-0.011820475,-9.03E-05,-0.023112921,-0.027368273,-0.024116782,-0.011979306,-0.067759443,-0.016701566,
-9.03E-05,-9.03E-05,-0.003891106,-0.003670222,-0.011125923,-9.03E-05,0.100268153,-0.001779459,
-0.006024988,-9.03E-05,0.008303473,0.000508532,0.000768099,-0.002764067,-0.010676589,-0.003474365,
-0.015015643,-9.03E-05,-0.014467871,-0.003680934,-0.001805536,-0.012154613,-0.055234303,-0.025557163,
0.005970336,-9.03E-05,0.004132379,0.002312132,0.007641689,0.012121399,-0.036675636,0.013847012,
-9.03E-05,-9.03E-05,-0.008882319,0.019682049,0.009287394,-0.004111718,-0.004611066,0.005064369,
0.005933826,-9.03E-05,0.041174674,-0.024767121,0.013423243,-0.020278695,0.02079983,0.006747337,
-9.03E-05,-9.03E-05,0.015835656,-9.03E-05,0.001576397,0.010898741,-0.018773544,-0.003485856,
-0.003084282,-9.03E-05,0.003555373,-0.003102318,-0.007577791,0.003985817,-0.009156453,0.001613308,
-9.03E-05,-9.03E-05,-0.00117999,-0.010966403,-0.010987169,0.00396927,-0.041261359,-0.013695712,
-0.018108288,-9.03E-05,0.053727912,-0.003755511,-0.025513999,-0.039173828,-0.027762026,-0.031124753,
-9.03E-05,-9.03E-05,-0.000780401,-0.003155874,0.008605382,-0.002895319,0.009723273,0.005247808,
0.002967834,-9.03E-05,0.006470503,-0.002550295,-0.006986822,-0.028219665,-0.007864808,-0.001860182,
-0.018382953,-9.03E-05,0.010201325,-0.005638975,-0.005298604,-0.002984626,0.009704049,-0.021366866,
-0.00940704,-9.03E-05,-0.04287465,-9.03E-05,-0.021905279,-0.014604058,-0.012699387,-0.009148241,
-9.03E-05,-9.03E-05,-0.025985978,0.003009544,-0.001874391,0.041146843,0.031343915,-0.007402884,
0.003044526,-9.03E-05,0.014112207,0.001145824,0.004378005,0.001324157,-0.00961408,-9.03E-05,
0.00303473,-9.03E-05,-0.007630665,0.000527014,0.004358128,0.019683741,0.002794345,-0.001931891,
-9.03E-05,-9.03E-05,0.000995113,-9.03E-05,-0.005404707,0.006834938,0.029631686,0.007289804,
-0.0063208,-9.03E-05,-0.005872706,0.003611149,-0.012556877,0.015040404,-0.018712244,-0.011079281,
-0.006359862,-9.03E-05,-0.016447958,-0.001319526,0.00261487,-0.038030649,-0.017168069,0.009168989,
0.003064304,-9.03E-05,0.053124808,-0.017936424,0.004406133,-0.021217031,-0.02036054,-0.014769169,
-0.003234924,-9.03E-05,-0.002195533,-0.001343403,0.005281261,-0.002967968,0.004835838,-0.020574441,
-9.03E-05,-9.03E-05,0.017490602,-0.017028789,0.009704921,0.007124737,0.004811691,0.032229122,
-0.028481437,-9.03E-05,-0.00147244,-0.021149619,-0.017726954,-0.034474224,-0.019602465,-0.024031338,
-0.003337023,-9.03E-05,-9.03E-05,-0.015735642,-0.019838924,-0.022345463,-0.024965892,-0.013297817,
0.006424388,-9.03E-05,0.09990973,0.003220988,0.02005625,0.049985603,-0.004171903,-0.013474591,
-0.003326516,-9.03E-05,0.022243798,0.001889928,0.003500394,0.010025337,0.010155632,-0.007842208,
-0.019570789,-9.03E-05,-0.037013347,0.002544776,-0.012612631,0.0442588,-0.040658221,-0.025480895,
-9.03E-05,-9.03E-05,0.015884171,-0.006003542,0.011685092,0.010868634,-0.002204435,-0.012114318,
-0.003401528,-9.03E-05,-0.008895301,0.014450378,0.002595496,0.001264744,-0.040344507,-0.016317451,
0.006554248,-9.03E-05,-0.024519204,0.008378785,-0.009018841,-9.03E-05,0.015362269,0.004033441,
0.01971171,-9.03E-05,0.099747128,-0.008488203,0.032342162,0.036445589,0.009692339,0.032763939,
-0.0162715,-9.03E-05,-0.076967857,0.023362499,-0.02452308,-0.026199931,-0.016236664,-0.017982914,
0.009778151,-9.03E-05,-0.015785337,-0.001363344,0.002593093,-0.021537991,0.003192006,0.008006896,
-0.013119586,-9.03E-05,0.003814709,-0.022397472,-0.009902937,0.005389182,-0.006633345,0.009949891,
-9.03E-05,-9.03E-05,0.005744414,-0.032032904,0.007116937,-0.01235185,-0.03411881,-0.021959057,
0.00321006,-9.03E-05,-0.008469258,-0.0303933,0.001698639,-0.009745442,0.029455185,0.020234933,
0.003199204,-9.03E-05,-0.026739604,0.004076397,-9.03E-05,-0.032123696,0.003220988,0.025806144,
0.003188419,-0.099721266,-0.004430838,0.017890366,-0.002768842,0.002787428,0.00871061,0.001851478,
0.006445678,-0.047904478,0.003598529,0.006703208,0.002595496,0.012822212,0.041349207,-0.011718177,
-0.013077283,-0.054609639,-0.012118335,-0.0088622,-0.010804556,-9.03E-05,-0.033598123,-0.01381576,
0.003199204,0.001427181,0.012422412,0.004674876,-0.002797851,0.043819078,-0.001173694,-9.03E-05,
-9.03E-05,-0.012211482,0.005587753,-0.005510324,-0.019094795,0.008050843,0.010755717,-0.012018699,
-0.006647647,-0.030765117,-0.033301828,0.016258504,-0.009315362,0.01606047,0.00742046,-0.002102342,
-9.03E-05,-0.015913055,-0.022419367,-0.012154613,-0.009401257,-0.00803729,-0.032039152,-0.006138657,
0.00321006,-9.03E-05,0.024505654,0.002623434,0.001789429,0.026612,0.00651039,0.003966525,
-0.009958691,0.02724092,-0.01929466,-0.00144345,-0.022604341,0.015514411,0.011931588,-0.012211482,
0.006554248,0.00303962,0.039070569,0.00194225,0.030619903,-0.015455187,0.100341695,-0.00213526,
-0.00669093,0.004589917,0.004283889,-0.011584523,0.000840829,0.009012461,0.024443587,-0.006237811,
-0.003412529,-0.001643065,0.017330165,-0.012402172,0.001770195,0.011507668,-0.03265732,-0.026894394,
0.003243063,0.00146494,0.00419027,0.002679813,0.010123286,-9.03E-05,-0.023852646,-0.006446202,
-0.006734788,0.004568115,0.009417927,-9.03E-05,0.008181789,-0.01665078,0.003966525,-0.004354662,
0.003254212,-0.01245503,-0.003013297,0.028915255,0.000821307,-0.002680944,-0.039484209,0.00847504,
0.013243063,-0.017304667,0.011636115,0.003936576,0.011749439,0.016792847,0.003064304,0.002032872,
0.013067625,0.015833297,0.048203355,0.00793112,0.02151189,0.007572565,0.016681218,0.016858883,
-0.003337023,0.010881517,-0.007154152,-0.00605844,-0.002733442,-9.03E-05,0.006095297,0.00615973,
0.006424388,0.010762443,0.024345239,0.0332653,-0.013341154,0.020188564,-0.012385352,-9.03E-05,
0.093760863,0.032118319,0.049426638,0.008302241,0.053625039,0.001151966,0.036216784,0.030965631,
-0.00896601,0.001395614,0.035295231,-0.018016006,0.006706672,-0.039792503,-0.02011029,0.009949891,
0.035730626,0.034034359,-0.004258094,-0.007261065,-0.011904616,-0.022054094,-0.023583631,0.099313309,
-0.020263181,-0.020176353,-0.004833574,-0.007312857,-0.006922038,0.017082782,-0.029378973,-0.007323543,
-0.005972623,-0.011803301,-0.014668347,-9.03E-05,-0.002669806,-0.005285075,0.017151109,0.009017198,
0.01174405,0.014724545,0.011289531,0.019089624,0.011116627,-0.002701236,0.000969052,0.005324892,
-0.005938223,-0.032207058,0.043228999,-9.03E-05,0.010992424,-0.018414877,-0.035010905,-0.053950234,
0.041086201,0.022534164,0.083759824,0.012888315,0.058088482,-0.009423603,0.038286923,0.020782595,
-0.048112869,-0.044338058,-0.010786787,-0.01290257,-0.023994652,-0.01354922,-0.014873797,-0.042841199,
-0.006024988,-0.009349529,-0.000341716,-0.005281704,-0.009886188,0.004002499,-0.001162081,-0.002032018,
-0.006060419,-0.0063208,-0.008641578,-9.03E-05,-0.015753914,0.008061904,0.019223035,-0.003981321,
-0.003093273,0.10022321,0.002700192,-0.00465648,0.004097335,0.002605148,-9.03E-05,0.01553473,
0.002921778,0.09962483,0.036590732,0.000565038,0.019926411,0.001253816,-0.021142902,0.007602038,
-0.003093273,0.099650663,0.003570052,-0.001400028,-0.003360916,-0.005459398,-0.006541883,-0.011540652,
-0.006114366,0.059980401,-0.022701503,0.003844156,-0.021419228,-0.006837908,0.005320985,-0.005881776,
0.002940033,0.046576397,-0.00407037,-0.009887788,0.024218196,0.001268426,-0.003319549,0.003793225,
-0.018217158,-0.099877956,-0.036803557,-0.020538819,-0.011546899,-0.008231383,-0.013049233,-0.050380405,
-9.03E-05,-0.030750647,-0.057388688,-0.002110472,-0.034030667,-0.011034182,0.010850649,0.00194639,
-0.006244116,-0.051185161,0.03291303,-0.039901336,0.011049404,0.008208485,-0.036886807,-0.024480514,
-0.037241973,-0.029577449,-0.001687714,-0.007820418,-0.023819083,-0.015179433,-0.085483528,-0.052173603,
-0.009736572,-0.055572436,-0.00329027,-0.023461375,-0.018319437,-0.011232331,0.026936757,-0.017672688,
0.00964999,0.001308331,-0.010523657,0.018038809,0.016709023,-0.007132524,-0.022817543,0.022281095,
-0.041890913,-0.100648929,-0.03172044,-0.09980537,-0.039220705,-0.035551263,-0.071081702,-0.048230314,
-9.03E-05,0.016990475,-0.079375585,-0.01037508,-0.031764478,-0.10009027,-0.013265501,0.027495937,
0.006621139,0.030444081,-0.007064194,0.033482871,0.005517206,-0.099763473,0.009255524,0.017806822,
-0.033423603,-0.022312492,-0.04528111,-0.05654812,-0.06142856,-0.016424208,-0.006704027,-0.01987049,
0.013702833,0.009000639,0.020056836,0.014663828,0.000899829,0.099540726,0.007899078,0.029057712,
0.006712451,0.02993976,0.025928539,0.100071281,0.001887969,-0.006801679,-0.002732278,0.004267028,
-9.03E-05,0.004282908,0.013353054,-0.030927274,-0.003051771,0.055652973,0.009181253,0.006417322,
0.013423244,0.020229033,0.015888023,0.034000639,0.017731512,-0.02409027,0.030093457,0.017151109,
0.003243063,0.011289531,0.030176792,-0.011079281,0.01839222,0.008106451,0.005005271,0.004147018,
0.009876507,0.00272267,-0.015643265,-0.01046064,0.008505719,0.050316234,0.039199971,0.012567958,
-0.009958691,-0.026738236,-0.037539071,0.004400748,-0.025658452,-0.034145998,0.008446315,-9.03E-05,
0.003231989,0.037373707,-0.006169297,-9.03E-05,0.000881547,0.009525115,0.026511907,0.004076397,
-9.03E-05,-0.005645826,-0.008958771,-9.03E-05,0.013501963,0.044354174,0.003443299,-0.004239648,
-0.006712787,-0.016850047,-0.004101378,-0.001580583,-0.010626669,-0.065439814,-0.013001068,0.001993063,
-9.03E-05,-0.01571527,-0.003188163,0.005879879,0.003781947,-0.021228481,0.004665973,-0.006327276,
0.013243063,0.04031377,0.046211781,0.009553647,0.011481572,0.009876507,0.01174405,0.012462031,
-0.006669217,-0.022281671,-0.022959293,-0.01919387,-0.00866987,-0.013248165,-9.03E-05,-9.03E-05,
0.006532247,0.007001929,0.022402131,0.005153176,0.002794345,-9.03E-05,-0.002429451,0.004041961,
0.003199204,0.01962804,-0.005441043,0.006616138,0.002786048,-0.006756937,0.015150058,0.014313022,
0.003188419,0.010959454,-0.025194872,0.005091077,-0.007738453,0.015010401,0.011457074,0.028307296,
0.003177704,-0.011019232,-0.004382116,-9.03E-05,-0.002980443,0.024703118,-0.019496663,-9.03E-05,
-0.006604928,-0.016664856,0.006683129,-0.008926794,-0.006853555,-0.012993496,-0.017552435,-0.01192459,
-0.009926336,-0.001494764,-0.001313511,-0.030550894,-0.007872371,-0.016430139,-0.009568943,-0.008074302,
0.003220988,-0.004309679,-0.001008825,-0.000856554,-9.03E-05,-0.008395918,0.008282936,0.001921802,
-0.0033906,-0.043875581,-0.032269247,-0.01312708,-0.016756937,0.004934856,0.009399647,-0.004106334,
-0.003401528,-0.023723948,-0.007690017,0.006902737,-0.001087279,0.001576397,-0.025942209,-0.002106399,
-0.003412529,0.008986886,0.010120324,-0.011664344,0.001905738,-0.010073631,-0.020596904,-0.002110472,
-0.003423603,0.016401484,-0.015251356,0.019425733,-0.00507035,-0.013535648,0.002372784,-0.002114561,
-0.040224049,-0.048762836,-0.003618173,-0.055986135,-0.022112292,-0.001793848,-0.048001818,-0.062970595,
0.006878371,0.004560893,-0.023907457,0.007209,0.010145145,0.051104269,0.021845214,-9.03E-05,
0.01375056,0.019971458,0.022659483,0.030505543,-0.002116612,-0.016324036,0.007485488,0.010732241,
-0.010329178,-0.003115989,0.009903283,-9.03E-05,-0.015318697,0.014761215,-0.018887262,-0.010796908,
0.034392489,0.036328546,0.090238488,0.00225348,0.024651998,-0.008220351,0.005018287,0.034541765,
-0.01009027,-0.023516331,-0.025558654,0.010821655,-0.014174777,0.014663828,-0.014067398,-0.021010772,
-9.03E-05,0.00140898,0.00591754,-0.00702936,-0.006212719,-0.006552306,0.010219008,-0.002227022,
-0.016925287,-0.01506033,0.004388679,-0.011736233,-0.019597457,-0.019602465,-0.020498433,-0.015079563,
-0.003514928,-0.007689054,-0.025060544,-9.03E-05,-0.007420113,-9.03E-05,-0.002694437,0.02164886,
-0.006963122,0.001441124,-0.03606588,-0.007160184,-0.009583941,0.029760476,0.100431923,-0.019239206,
0.006830145,0.013671198,0.01762004,0.000700869,0.020144022,-0.017803636,-0.038049938,-0.006597862,
0.006782582,0.010467799,0.013272067,-9.03E-05,0.006172778,0.008106451,0.014706277,-9.03E-05,
-0.010329178,-0.018000718,-0.023396004,0.03073977,-0.008389025,-0.009846368,-0.001305337,0.004276542,
-9.03E-05,-0.022886623,-0.018928575,-0.011593337,-9.03E-05,-0.001732306,0.018157905,0.006431469,
-0.006986822,0.00146494,-0.03913027,-0.02103674,-0.027286923,0.050896572,-0.021595646,-0.017368888,
-0.010506937,-0.00940704,-0.003753274,-0.013560951,-0.015144034,-0.048603572,-0.008637279,-0.028661699,
0.003418502,-0.001657668,0.003920425,0.013564348,0.006459949,-0.011603428,-0.005016378,0.004434617,
-0.003586773,-9.03E-05,0.00623463,0.008626053,0.000994329,0.003237517,-0.011228884,-0.024865045,
-0.01763413,-0.031487444,-0.002736648,-0.018157827,-0.014174777,-0.008382144,0.034953535,-0.023184958,
-0.003661699,-0.022780708,-0.008050469,-0.00089027,0.001008631,-0.003434752,-0.019437307,0.009365995,
0.014246648,0.019810228,0.034012037,0.016723181,0.015277458,-0.006801679,0.014706277,0.006935491,
-9.03E-05,0.001535746,-0.026278437,0.01487036,-0.008738919,-0.005157838,0.032716534,-0.002415851,
-0.017758115,-0.022817543,-0.05387513,-0.014830379,-0.009904883,-0.01197482,0.032850906,-0.018738289,
-9.03E-05,0.03645458,-0.003599042,0.013295557,-0.002292913,0.099566087,0.038634104,-0.002465567,
-0.032464371,0.096063576,-0.025442383,-9.03E-05,-0.01223155,-0.03134027,0.038286923,-0.00961408,
-0.014960158,-0.019096118,-0.012734779,0.002240732,-0.007911499,0.007974246,-0.011705898,0.016736653,
-9.03E-05,0.008851608,-0.015457998,0.013863218,-0.014729909,-0.00489027,-0.006500526,0.011730061,
0.011230485,-0.017815528,0.017375356,0.005261412,0.014766873,-0.006521138,0.005286074,0.009255524,
-9.03E-05,-0.015127864,0.047754873,-0.000850726,0.011170991,-0.008180885,0.006326842,-0.002405085,
-0.007552957,-0.001616988,-0.017169392,0.0318732,-0.008998956,-0.021297448,-0.025595052,-0.011691198,
0.003669128,-0.013851738,-0.004700199,-0.013364606,0.004404112,-0.003423603,-0.002271295,0.016341655,
-9.03E-05,-0.014043758,-0.004721549,-0.002332422,-0.00680168,-0.008451474,-0.009926336,-0.011637614,
-0.003835588,-0.011096559,-9.03E-05,-0.003835588,0.013423244,0.011714114,-0.01223155,-9.03E-05,
-9.03E-05,0.007858856,-0.006890556,0.012691685,0.003243063,0.008243063,0.012200233,-9.03E-05,
-9.03E-05,0.006218878,-0.018829009,-0.013453299,-9.03E-05,-9.03E-05,0.01205101,-0.014108962,
-0.011368465,-0.014196853,-0.016248919,0.002167066,0.014306186,0.001562623,-0.041529747,0.004649066,
0.003712011,0.007858856,0.01334758,-0.002342522,0.018468682,0.00981072,0.018112233,-0.002448761,
0.007485488,0.003064304,-0.003036863,0.007434184,0.007412409,-0.009894192,-0.016850047,0.002273796,
0.007428527,0.003054384,-0.013019712,-9.03E-05,-0.009664738,0.01311105,0.001046094,0.004626711,
-0.0112843,-0.006359862,0.002903742,-0.009799008,-0.010831409,-0.008233592,-0.006900713,0.002257148,
-0.00763744,-0.006399418,-0.005687285,-0.002352713,0.012939046,0.060665067,-0.017233127,0.100612306,
-0.019101677,0.006258936,-0.009846367,-0.008404707,-0.003305704,-0.007830208,-0.003578642,0.027569304,
-0.011718177,0.021991749,0.004077976,0.050976803,0.007436612,-0.015690894,-0.037429827,-0.076694825,
-0.019698113,-0.00317669,-0.034052534,-0.010967717,-0.004359213,0.015757591,-0.020696331,0.004394035,
0.00790973,-0.040337948,-0.03759027,-0.06094071,-0.020454686,0.017070416,-0.023605121,-0.038036699,
-0.011995032,0.00474844,0.038464925,0.017864453,0.014132924,0.001443472,0.015118855,0.013830844,
-0.004106334,0.020776504,0.015931614,-0.016194564,0.002067227,-0.012341419,0.028623837,-0.036703542,
-0.008154786,0.025066963,0.04990973,-0.016458158,0.014979698,-0.017144534,-0.035284445,-0.004840864,
0.008039811,0.002977215,0.006869437,0.011003232,-9.03E-05,-0.099459355,0.01500407,0.019002809,
-0.016219302,0.039665082,-0.018278702,-0.004008765,-0.003271606,-0.001841583,-0.007525214,-0.00243219,
-0.004188631,-0.007443211,0.014730034,-0.011105219,0.014803347,-0.014125358,0.003655048,-0.009479941,
-0.024781628,-0.022312492,-0.024916849,-0.00486354,-0.013717104,0.0319382,-0.029941016,-0.009568943,
-0.004309679,-0.024443431,0.022373227,-0.003287712,-0.016030759,-0.003538546,-0.015474885,0.009479108,
-9.03E-05,0.001469792,0.014556379,0.012740524,0.005309298,-9.03E-05,0.012930563,-9.03E-05,
-0.012802134,-0.012551329,-0.002616434,-0.010383223,-0.005460839,-0.005280581,-0.001375617,-0.021417284,
0.004201575,-0.003244844,-0.009858722,-0.004096503,-0.014129147,0.020779295,0.011492742,-9.03E-05,
-0.004363774,-0.014330776,0.022562269,-0.0354885,-9.03E-05,-0.015422468,-0.017901975,-0.024303345,
-0.08592718,-0.091583047,-0.03188734,-0.094335474,-0.053317903,-0.100436291,-0.077810477,-0.099345853,
0.004604566,0.028178281,-0.005256322,-0.011139994,0.001105902,-0.10009027,0.009741191,0.013683835,
-0.023454756,-0.024145253,0.028470561,-0.025229935,-0.002479756,-0.10051762,-9.03E-05,-0.005525053,
0.009479108,-9.03E-05,0.01325268,0.017101707,0.010688173,-0.085600959,0.02355368,0.010838692,
-9.03E-05,0.019275927,-0.057385644,-0.001968204,-0.007199274,-0.013077283,0.028442339,-0.005495675,
0.004649066,-0.008725849,-0.035952859,0.011198535,-0.025149936,0.005172888,-0.022547337,-0.005525053,
-0.004807251,0.013847012,-0.051773904,-0.008462363,-0.008658202,0.007763133,-0.019456427,-0.013751472,
-0.004829606,-0.006963122,-0.014128255,-0.010409219,-0.019843357,-0.01047988,-0.014452927,-0.022250935,
0.014195444,0.037972014,0.030060484,0.035928687,0.013763635,0.020907105,0.030875122,0.019739758,
-0.004785106,-0.028423603,-0.073261002,-0.01198414,-0.055990891,-0.007802352,0.017577575,-0.036201381,
0.018777655,-9.03E-05,0.027102713,0.011020841,-0.007985007,0.028407139,-0.019187492,0.005673419,
-0.018608789,-0.017242929,-0.01802366,-0.011079281,-0.043856848,0.002428622,-0.021329208,-0.034474224,
-0.004807251,-0.036739485,0.002083643,-0.009349529,-0.020894708,-0.022703335,-0.009131861,-0.014927065,
0.009388403,-0.029075777,0.006851162,0.01579758,-0.010005284,-0.007802352,0.041880533,-0.018162559,
0.023606397,0.009238088,0.034377632,0.00266962,0.032813879,0.015453771,0.020925492,0.024449607,
0.00453936,-9.03E-05,0.005740634,-0.004677426,0.004064855,-9.03E-05,0.027353984,0.011885778,
0.01834291,-0.046300991,-0.028661698,-0.016680132,-0.031814408,-0.007743331,-0.040157048,-0.035593229,
0.013484391,0.003785699,0.016533771,0.013967837,0.026975257,0.0127632,0.062518426,0.006044699,
0.008838301,0.007631738,-0.005541004,-0.001014484,0.011005431,0.010062014,-0.029550172,0.006007291,
-0.013364606,-0.009668814,-0.024120624,0.000834799,-0.008320723,-0.007627958,-9.03E-05,-0.018272088,
-0.004574575,-0.002024506,-0.007433682,-0.001014484,-0.004239647,-9.03E-05,-0.011894654,-0.00626311,
0.004414235,-0.007842208,-0.022283482,0.024886603,-0.005645825,-0.025406726,-0.012035662,0.00612091,
-0.00905888,-0.01962152,0.009255524,-0.060559584,-0.00707351,-0.031259101,-0.017361427,-0.040213727,
0.008959504,0.019830049,0.020191917,0.013358337,0.015380897,0.00527166,0.013969484,0.032064071,
-9.03E-05,0.01162848,0.026271009,-0.007673208,0.019300312,0.00790973,0.013774548,-9.03E-05,
0.01784695,0.00956224,0.026436046,0.009460828,0.02164886,0.005200735,0.008456739,0.027947113,
0.004315016,0.009469959,-0.008293715,0.004640099,-0.00939878,0.028857098,-0.008564846,0.015061245,
0.026225519,0.001803669,-0.019527822,0.02345022,-0.001432552,0.020370088,-0.001799672,0.029760476,
-0.012910783,-0.007651707,-0.016539026,-0.015729644,-0.009498872,-0.002596536,-0.001802599,-0.011684473,
-0.013077283,-0.007709318,-0.0060937,-0.039342606,0.001266582,-0.032753587,0.035930313,-0.011820475,
0.004295695,0.003748502,0.005949419,0.017419458,0.013459866,0.023286353,-9.03E-05,0.044420116,
-0.017557519,-0.013474591,-0.041685467,0.007557914,-0.02549134,-0.035623265,-0.018302191,-0.042703906,
-0.04009027,-0.05629182,-0.043490718,-0.0503749,-0.030268596,-0.026406059,-0.028758061,-0.020861783,
0.00453936,0.016336835,-0.014122075,-0.003087273,-0.00999126,-0.008198378,0.001645841,-0.015241785,
-0.004698565,-0.022312492,-0.010526703,-0.058206502,-0.018661698,-0.043687,-0.020887497,-0.003167193,
0.023057878,0.010240309,0.047848369,0.031824624,0.03193302,0.028399758,0.02291858,0.021514668,
-0.004615157,-0.024630147,-0.016558705,-0.013492332,-0.005732019,-0.008400519,-0.026041827,-0.01519601,
0.018091548,0.008295474,0.045491125,0.022898236,0.019767886,0.016669507,0.010566924,0.012179669,
0.013302587,0.006146736,0.03104852,0.02136019,0.011036295,0.035624016,0.008697076,0.021121851,
0.026341448,-0.016619196,-0.00612996,-0.00509027,-0.012469912,0.021129889,-9.03E-05,-0.017894424,
-9.03E-05,-0.008493631,-0.03134027,-9.03E-05,-9.03E-05,-0.005285075,-0.003574591,0.002930878,
-0.008673961,-0.01068349,-0.000986327,-0.014160622,-0.019588878,-0.005312202,-0.015824536,-0.018162559,
-0.017406287,-0.030068857,0.01874381,0.014180882,-0.002931179,-0.005339614,0.014119321,-0.012360209,
-0.008900843,0.002117236,-0.001410692,-0.055366652,-0.012910783,-0.008005837,-0.029862599,-0.01872381,
0.013243063,-0.015508772,0.028997434,-0.011792398,0.005681736,0.015867177,0.016155217,-9.03E-05,
0.00868166,0.100580871,0.023892599,0.000986156,0.009952771,0.007763133,-0.008971265,0.006238844,
-0.004438096,0.014137372,0.000327965,-0.020520378,-0.004351633,-9.03E-05,-0.014427188,0.040790233,
0.004276542,-0.058206502,-0.008778368,0.007593594,-9.03E-05,0.005104535,0.003546094,-0.021238306,
-9.03E-05,-0.021366866,-0.001843118,-9.03E-05,-0.011502538,-9.03E-05,-0.001901864,-0.009349529,
0.008605382,-0.004438096,0.049514646,0.01407095,0.020111751,-0.007842208,0.010799022,0.012370789,
-0.004400615,0.004276542,-0.001344975,0.002057958,0.002738584,0.005118063,0.02504438,-0.009321039,
-0.004419274,0.002083643,0.001166011,-0.008664761,-0.007142456,0.015453771,0.029682059,-0.00630145,
-0.008785922,-0.013105454,-0.017237907,-0.015225405,-0.018556179,-0.017947413,-0.025600474,-0.00946527,
-0.013248165,-0.006683677,0.023313985,0.009788984,0.00714562,-0.002687673,-0.007071073,-0.006399418,
0.017687508,-0.002302659,-0.020880291,-0.020742444,-0.00871096,-0.005298603,-0.019422432,0.022131952,
0.008643354,0.002127025,0.037277034,0.015448021,0.011503933,0.002527531,0.008870303,0.01233209,
-0.008748279,-0.015576996,-0.041842214,-0.002276062,-0.012984253,0.002520696,-0.005418867,-9.03E-05,
-0.008823894,-0.006831843,-0.025720343,0.007576762,-0.011701301,0.002513897,-0.001875984,-9.03E-05,
-9.03E-05,-9.03E-05,0.017445899,-0.013133748,-0.010369272,0.01029934,0.001698639,-9.03E-05,
0.008720303,-0.027239591,0.010680949,-0.018812737,-0.001573949,0.002480424,-0.010804556,-0.030765117,
-0.030657956,0.002235311,-0.00520536,0.02011175,-0.004547922,-0.015474885,0.001714784,0.028390743,
-0.004594775,-0.014011384,-0.019798924,-0.00889115,0.005879879,-0.010506937,-0.003693874,-0.024705655,
0.004434617,-0.009502035,0.009525115,0.00545912,0.005844448,-0.013248165,0.001718048,0.006218878,
-0.004594775,0.011786215,0.009433539,0.007635999,0.004334509,-0.018756937,-0.001895324,-0.003225066,
0.013484391,-0.018869613,-0.021102277,-0.008852592,-0.001558699,-0.032698966,-0.003706907,-0.012668886,
0.004374016,0.011871452,0.007356072,0.010959454,0.010203848,0.042044561,0.019873432,0.025387437,
0.008798619,0.01882226,0.050779295,0.013024484,0.024654999,-0.002785688,0.012365246,0.02164886,
-9.03E-05,0.018471215,-0.006710047,-0.005484013,-0.002931179,0.002612433,-9.03E-05,0.005988757,
0.013125589,0.004465539,0.074462,0.010755717,0.024126254,0.026863908,0.006939607,0.008973174,
-0.008785922,0.008980025,-0.04505151,0.005274537,-0.018170937,-0.005339614,0.003400131,-0.027036378,
-9.03E-05,-0.011326225,0.001127263,-0.009695393,0.002742591,-0.01064436,-0.005307661,0.015294345,
-0.0088622,-0.009181179,-0.009007984,-0.036728201,-0.004327558,-9.03E-05,-0.017572787,-0.009181179,
0.008759288,-0.002383848,-0.006225239,0.011095412,-0.00150871,0.002576397,0.019482684,0.018258354,
-0.026406059,-0.016182224,-0.092682863,-0.058718589,-0.039862997,-0.021366866,-0.017542277,-0.021111291,
-9.03E-05,-0.009436064,-0.010521109,0.006960259,-0.00452814,0.002627121,0.008790725,0.002977215,
0.004414235,-0.007165742,-0.003298336,0.005744036,-0.003062038,-0.002800297,-0.003611397,-0.006206478,
-0.062870539,-0.080850365,-0.037791419,-0.099858251,-0.086528422,-0.100633748,-0.056627372,-0.061628732,
-9.03E-05,-0.031098022,0.041476858,-0.029729445,-9.03E-05,-0.01519601,0.029872277,-0.019762401,
0.004694419,-0.03209027,-0.015227885,-0.018682567,-0.018034805,-0.012360209,-0.010999361,-0.006779233,
-0.014375984,0.008174193,-0.021515515,-0.01632843,-0.03829625,-0.01251263,-9.03E-05,-0.023659294,
0.009571566,-0.00282251,0.00990497,0.027420046,0.017180887,0.003054384,0.001747965,0.006806282,
-0.038367782,0.002649456,-0.029779243,-0.022847967,-0.013672613,-0.043977417,-0.00742972,-0.02748753,
0.029760476,-0.005554751,0.047019978,0.017717949,0.039496649,0.02286055,0.003606588,-0.007132524,
0.038557073,0.085074565,0.058351288,0.099505961,0.046267346,0.099268704,0.022009178,0.056647319,
-0.004741433,-0.010216852,-0.029888692,0.021941554,-0.019077612,0.052387864,0.005315135,-0.003445975,
-9.03E-05,-0.017993083,0.019783262,-0.021647156,0.011200053,-0.030561184,-0.019803532,0.003276733,
0.013928422,0.01553473,0.040210881,0.028061505,0.01745359,0.008481159,0.001737884,-0.006801679,
0.022951205,0.09990973,0.013532548,0.09990973,0.021853303,0.099059872,0.003559365,0.030315135,
0.004414235,-0.025731296,-0.042509422,-0.008748279,-0.012360209,0.025682926,-0.018272088,-0.02304109,
-0.004574575,-0.004874959,0.038944818,-0.009915598,0.016990476,-0.055366652,0.007317137,0.006621139,
-0.004594775,0.043178961,0.022704158,-0.011115628,-0.003143706,0.015867177,0.009100906,0.006576397,
-0.004615157,0.043688532,0.007751249,-0.010123715,0.006035305,-9.03E-05,0.016303173,-9.03E-05,
0.018091548,0.01977728,0.008099738,0.068603424,0.01969664,0.015616536,0.007078189,0.009843505,
-0.009018841,0.041035271,-0.023648353,0.003070952,-9.03E-05,0.038569524,-0.001869629,0.019581861,
-9.03E-05,0.043568774,0.004069464,-0.015846573,0.010357491,-0.017459997,-0.009002926,-0.009736572,
-0.009099279,0.099511324,-0.012103526,-0.007560921,0.025020512,-0.025342795,-0.007284515,-0.006583776,
0.004455185,0.023460455,0.005779751,0.014963493,-0.013058569,0.100945999,-0.005525053,0.012981625,
0.004434617,-0.049647792,-0.018431246,-0.029751287,0.004289292,0.101086201,-9.03E-05,-0.003316076,
0.031441262,0.011082914,0.013922469,0.06759532,0.021712055,0.10033708,0.012660185,0.048453419,
0.03921104,0.018325936,0.002422293,0.044899505,0.011289531,0.100880604,0.025089586,0.036946767,
0.004111411,0.014376276,0.00868166,-0.008896532,0.004129139,-0.063582333,-0.003599042,0.101100206,
0.00409383,0.019517573,0.009433539,0.041370737,0.008313092,-0.033988575,0.022797054,-0.010901081,
0.02490973,0.005154485,0.016316621,0.016971341,0.017965285,0.064237215,0.0016309,-0.021948193,
0.016169893,0.059040165,0.047932329,0.09963014,0.014916551,-0.051372321,0.006782582,-0.016850047,
-0.01209027,-0.011584523,-0.01241218,-0.03568349,-0.044445109,-0.083101853,0.028919969,-0.014294815,
-0.008187436,0.013198767,0.014724545,0.010454545,0.011161488,0.027278151,-0.001748645,0.025846329,
-0.004171903,-0.008286991,-0.015457155,0.030344513,-9.03E-05,-0.00213945,-0.026668343,-9.03E-05,
-0.020582073,-0.074470435,-0.028572517,-0.078571283,-0.036251605,-0.090439346,0.010148638,-0.061888023,
0.008277931,0.003481159,0.011556317,-0.007416277,0.004238735,0.017968421,-0.008536216,-0.018054342,
0.01650724,-0.041015537,-0.00961786,0.029430025,-0.005837397,-0.013394039,-0.010311735,0.006007291,
0.020317893,-9.03E-05,0.037184279,-0.020699589,0.011470424,0.006651303,0.005073241,0.015061245,
-9.03E-05,-0.016787858,-0.022887797,0.009973774,-0.022947413,-0.055893841,-0.030912188,-0.03889624,
0.00390973,-0.003863855,0.005840928,-0.035416357,-0.0088622,0.011730061,0.001676514,-0.00940704,
0.007877857,0.005591548,0.011309101,0.060003627,0.033833034,0.023274216,0.026364756,0.028122896,
-0.004042839,0.030041557,-0.023409353,-0.020462281,-0.007222937,0.025023885,-0.024145253,0.018202413,
0.007846238,-0.080529027,0.006674553,-0.000994429,-0.010147741,-0.0446337,-0.024738157,-0.012066318,
-0.015838301,-0.008042556,-0.007995408,-0.036289365,-0.017506816,-0.016407286,-0.016335757,-0.012211482,
-9.03E-05,-0.028146382,0.009471483,0.001787664,0.004341044,0.002279398,-0.005594857,0.006044699,
-0.01609027,0.032899421,-0.013507792,-0.003839098,-0.022149093,-0.004818402,-0.013005399,-0.027529294,
0.020234933,-0.018054342,0.03870973,0.024368808,0.008932286,0.014161511,0.012993842,0.009314119,
0.003893794,0.003974771,0.014541998,-9.03E-05,0.010341921,0.016303173,-0.009315362,0.01233209,
0.011814492,0.008006896,0.028372728,0.011847287,0.022033624,-0.016219302,0.001771927,-9.03E-05,
-0.004011839,-0.022178623,-0.023706506,-0.046369762,-0.017406287,-0.049270598,0.005485938,-0.024630147,
-0.011901294,0.006069894,0.002177304,-0.001041745,0.018999304,0.027003326,-0.007483985,0.053368849,
0.003893794,-9.03E-05,-0.038551808,0.000862111,-0.03323148,-0.004886433,-0.009401257,-0.015015643,
0.011814492,-0.040906597,-0.004796153,-0.027683039,-0.017974025,0.028825393,-0.007609067,-0.021302391,
-9.03E-05,0.046718241,-0.003242358,0.017522254,0.002944631,0.025670854,-0.028499361,-0.015570146,
-0.011854976,-0.040740677,-0.041592246,0.006640499,-0.001603129,0.100366351,-0.064417755,-0.028392157,
-0.004058524,0.021096171,-0.015348002,-0.026833345,0.013546094,-0.031210602,0.051993063,-0.013035254,
-0.012042461,0.020656618,0.003678574,-0.047195275,-0.019522258,0.019181679,-0.053555617,-9.03E-05,
0.007974246,0.020234933,-0.007182468,0.044193973,-0.003139051,-0.021098673,-0.039839224,-0.006647647,
-0.00409027,-0.029970748,-0.01521632,-9.03E-05,-0.01538079,-0.027987266,-0.008804867,-9.03E-05,
0.003925794,0.006069894,0.016121334,-0.023758909,-9.03E-05,0.010947258,0.026283356,0.00651039,
-0.01209027,0.034603608,0.003268252,0.009000639,-0.01561822,0.006459948,-0.049340805,-0.006647647,
0.008006896,0.015688823,0.007022701,0.015925746,-0.017440428,-0.026120639,0.033693514,-0.00669093,
0.007941859,0.040686429,0.035638854,0.012717612,0.038433005,0.011045587,0.006445678,0.033132321,
-9.03E-05,0.007372417,0.004723208,0.002828018,0.029276036,0.021936162,0.004238734,0.012771466,
-0.004074334,-0.003793974,-0.002086278,-0.025308505,0.002912733,-0.030262684,0.034392489,-0.006439476,
0.01190973,-9.03E-05,0.01310973,0.017820178,0.023861825,0.011020841,-0.014673603,0.003104618,
-0.004042839,-0.014960158,-0.008775623,-0.045056057,-0.0088622,-0.026463896,-0.006432765,0.003094443,
-9.03E-05,0.013117277,0.007476437,0.012192227,-9.03E-05,0.004424403,-0.00221793,0.00943354,
-0.004058524,0.00735852,-0.011157464,0.003954219,0.001384656,-0.011326225,-0.017147839,0.009343692,
-0.008058397,-9.03E-05,0.005505254,-9.03E-05,0.005800746,0.006727912,0.019432507,-9.03E-05,
-0.008122399,-0.003787128,0.010243593,-0.009153714,-0.014731558,-0.020406297,0.008420368,-0.003205535,
-0.008187436,-0.00751142,-0.017792867,-0.016350433,0.001395614,-0.030044187,-0.019077612,-0.01259027,
0.003991363,-0.024389335,0.031547696,-0.016619196,0.013262846,0.007035621,0.006361343,0.028390743,
0.003974771,0.042055324,-0.004360456,0.014615612,0.001373859,0.002268221,0.006319986,-0.012397962,
-0.012236019,-0.035016741,-0.009836858,-0.027005384,-0.013248164,-0.018913799,-0.027691119,-0.003205535,
-0.008286991,0.001814492,-0.003633577,-0.008600908,0.002872693,0.007103975,0.026110603,-0.00946527,
0.004041961,-0.017200536,0.003860738,0.004201575,0.00286394,0.004671635,-9.03E-05,0.006218878,
0.004024956,-0.01943263,0.027064393,-0.003295398,0.008746255,-0.038004962,-0.059664738,-0.009494659,
-0.004188631,-0.019814136,-0.001622837,0.0159869,0.001369584,0.012225001,0.099457241,-0.006419384,
-9.03E-05,-0.004114415,0.031375578,-0.02751643,0.033437427,-0.02442117,-0.04535776,-0.022383264,
-9.03E-05,0.014051144,0.012186516,-0.015274652,-0.012784205,-0.007571567,0.030082144,-0.013119586,
0.012255409,-0.016026525,0.019755375,-0.02762331,0.007052587,-0.052854089,-0.10050868,-0.00669093,
0.020234933,0.012055479,-0.002612792,0.050872357,0.012675687,0.058265168,0.002235311,0.013198767,
0.011861921,0.01390973,-0.000451542,0.021461454,0.005511971,0.019959855,0.046313442,0.019581861,
-0.004027278,0.001882117,-0.00984813,0.004129139,-9.03E-05,0.012194742,-0.002307565,0.025633203,
0.007814868,0.005815242,0.01341338,0.027220654,0.013837307,0.012045652,0.022131952,0.015583711,
0.003831299,-0.007918059,-0.011973598,0.04183202,0.012272367,0.033482871,0.030344513,-9.03E-05,
-0.00790277,0.015688823,-0.032524672,-0.005978396,-0.010945087,-0.018651755,0.018897072,-9.03E-05,
0.015657761,0.040686429,0.024391839,0.051242405,0.014998893,0.028278524,0.020613664,0.021514668,
0.003785699,-0.003821613,-0.00634027,0.004604566,-0.002792973,0.020599385,-0.024431041,0.008973174,
-9.03E-05,0.011145685,0.022107288,0.019535898,-0.002800297,-0.013603784,0.01030474,0.002903742,
-9.03E-05,0.001761582,-0.0247012,0.093401939,-0.015035922,-0.00922269,-0.004205496,-0.018000718,
0.007631738,0.051665737,0.000651845,0.005777291,0.017840764,0.020647057,0.061893201,0.018146812,
0.045886741,0.017484422,0.052560824,0.058243063,0.052755258,0.040541784,0.048547862,0.041700775,
0.032876763,-0.008725849,-0.021224472,-0.015838301,0.016640747,-0.004428665,0.014752031,0.008505719,
-0.007182469,-0.007058911,0.007826247,0.00310973,0.015099603,-0.006626218,0.005394191,-0.002931179,
-0.010804556,0.019207976,-0.000804301,0.007086763,-0.002584035,0.019646572,0.018091548,0.017003747,
-0.003700378,0.003352071,0.019559605,-0.008007926,0.00115973,-9.03E-05,-0.005447413,-0.008493631,
0.014402484,0.010201325,0.040554439,-9.03E-05,0.017387883,0.012812956,0.069927683,-9.03E-05,
0.014195444,0.001607523,0.007990538,0.000707815,0.019541632,0.029633722,0.003265435,0.016858883,
0.013994237,-0.001785185,-0.015454332,0.031807657,0.003519838,0.020528287,-0.005106992,0.016576397,
0.017270841,0.037261173,-0.030958655,-0.020183006,-0.013279718,0.034253164,0.006632419,0.016303173,
-0.044458871,-0.023003527,-0.041042318,-0.062393109,-0.048692943,-0.080168395,-0.03681815,-0.064606399,
0.014195444,0.011635023,0.001734548,0.020094759,0.012681122,0.050865144,-0.010488884,0.031518925,
0.006951984,0.003220988,-9.03E-05,0.002382937,0.0062149,0.012030942,0.001661043,0.019408337,
-0.007083277,0.04611435,0.013024484,-0.018182375,0.019959855,-0.004082286,0.001657982,-0.021948193,
-0.035301538,-0.004822131,-0.012675671,-0.019353252,-0.024660295,-0.024138366,0.054010952,-0.039196415,
0.010858635,0.079149033,0.022123859,0.032360627,0.021320309,0.100525746,0.069446154,0.031886474,
0.017960272,-0.052953706,0.04622252,0.029686405,0.033201962,-0.026209673,0.085049049,0.030895645,
-0.003636369,-0.018694921,-0.007580907,-0.000893483,-0.014410079,-0.023078776,0.015601599,-9.03E-05,
0.024820762,0.003069288,0.012945751,0.014379183,0.001120384,-0.002051054,0.015359168,0.019035413,
-0.010506937,0.026681384,0.000587007,0.005456481,-9.03E-05,0.001874367,-9.03E-05,-0.002771235,
-9.03E-05,0.041320773,-0.012273011,-0.017426755,0.012001628,0.09990973,-0.007005899,0.010662418,
-0.007107814,0.023473795,-0.035376327,0.014344373,-0.015621931,0.012387448,0.005480761,-0.013388142,
-0.021291683,-9.03E-05,0.004526207,-0.025386713,-0.028002891,-0.070512805,-0.038871433,-0.02434903,
-0.014530703,-9.03E-05,0.023239528,0.02829578,0.009897246,-0.011453906,0.009996185,-0.005615132,
-9.03E-05,-9.03E-05,-0.005271617,-0.011131279,-0.023576055,-0.036488737,-0.032900541,-0.005645826,
0.025550756,-9.03E-05,0.066576397,0.020643382,0.085985679,0.021778517,0.073656043,0.016669507,
0.021338301,-9.03E-05,0.043855042,0.02569098,0.01972325,0.029092609,0.052107532,0.027382257,
-0.003586773,0.100629154,-0.002584813,0.082164109,0.002195444,0.001800089,-0.019672515,-9.03E-05,
0.006927274,-0.044534714,0.015539614,-0.007127568,0.023854998,0.037645579,0.002572846,0.013278714,
-0.003574591,0.066941194,-0.008400519,0.024006116,0.018840688,-0.003726634,-0.005402355,0.002548252,
-0.003586773,-0.019321039,-0.021195174,0.011674436,-0.005554751,-0.01468881,0.047973815,0.007804467,
-0.007107814,-0.006626218,0.061418925,0.070361166,0.021887752,0.0202801,-0.005185811,0.01296456,
-0.010690977,-0.018511323,-0.02129696,-9.03E-05,-0.003316076,0.016243668,-0.026978874,-0.012976868,
-0.014375984,0.021357451,-0.028469886,0.038248388,-0.010877757,0.015981159,-0.051406059,-0.002701236,
-0.014583024,-0.022399981,-0.023645546,-0.006244116,-0.00881437,-0.024694839,-0.031990409,-0.010561474,
0.029321495,-0.002774834,-0.004914973,0.006720876,-0.0143917,-0.027117297,0.031428355,-0.005381275,
0.02490973,-9.03E-05,0.022534164,-0.006855338,0.01553473,-0.001942122,-0.009812492,0.026505475,
0.017331333,0.00529331,-0.020949941,0.06987877,-0.012178182,0.009186168,-9.03E-05,0.010272424,
-0.0137889,-0.012138463,-0.009128359,-0.030182863,-0.006764352,-0.001928505,-0.032348335,0.002473833,
0.006854174,-0.006865338,0.025316896,0.063155553,0.002149372,-0.007456753,-0.016032299,0.00502482,
-0.003538546,0.005366756,-0.062669685,-0.00626311,-0.043665689,-0.013077283,-0.053109416,0.012632376,
0.020670976,-0.008231383,-9.03E-05,-0.039051309,-0.001258494,-0.032045157,0.017017039,-0.030241024,
-0.020429253,-0.021978095,0.002959543,-0.006553255,-9.03E-05,0.005734973,0.006025938,-9.03E-05,
-0.027771931,-0.035055305,-0.007184865,-0.062775072,-0.025821264,-0.046422316,-0.03352492,-0.023406332,
-9.03E-05,-0.045017806,-0.010638075,0.027039068,-0.013295552,-0.042600391,-0.011096559,-0.053140668,
-0.007207708,-0.100242015,0.009194462,-0.048001818,0.00234282,-0.099456021,-0.017578346,-0.008493631,
0.014246648,0.053872631,-0.016103899,0.047006504,-0.001303862,0.039815833,0.014472837,0.039457753,
-0.038959528,-0.08809027,-0.061724619,-0.099905427,-0.064488812,-0.085869051,-0.100568739,-0.06259027,
0.010939142,0.042014993,0.032382055,0.020443611,0.018091548,0.022131952,0.042462921,0.020199585,
-0.003726634,-0.005140775,-0.021176761,-0.019540304,0.012664832,0.014402484,-0.003491631,-0.008612997,
-0.00738954,-0.03900736,-0.01359885,0.004013697,-0.024019741,-0.00961408,-0.023981055,-0.017282247,
0.014615612,0.043923815,0.037289449,0.033969676,0.021845214,0.033563576,0.034874765,0.031979701,
-0.018206212,0.001596071,0.000623251,0.013084961,-0.001352896,-0.018694921,-0.023738919,-0.005739988,
0.003599767,-0.01019128,-0.016133051,0.014864216,-0.019053607,-0.004829606,-0.031232139,-0.017135725,
0.010939142,-9.03E-05,0.015127121,0.01912818,0.016662307,0.018957349,0.02490973,0.020140944,
0.007182457,-0.003491631,0.003835497,0.03070797,0.006246865,0.01626487,0.010362692,0.016906897,
-0.010920595,-0.04787184,-0.027463181,-0.042773197,-0.03031697,-0.055262684,-0.070779925,-0.039087484,
-0.003739905,0.001701845,-0.003745241,-0.021109378,-0.013077283,-0.00738954,-0.035340734,-0.011684473,
0.003572734,0.023165544,0.009447514,0.034392489,0.013067625,0.036674436,0.047986653,0.017505038,
-0.003739905,-0.012328032,-0.005904223,0.012488346,-0.005285075,0.011730061,-0.044126967,-0.014499492,
-0.003753274,-0.031948677,-0.023482083,-0.014997102,-0.019672516,-0.018781859,-0.005848427,-0.026406059,
0.003586201,0.003566037,0.003652245,-0.000720787,0.009230636,0.007052587,-0.003951274,-0.003093273,
0.003572734,0.012660185,0.006621139,0.01946809,0.003867514,0.007001929,0.007661668,0.017982019,
-0.003739905,-0.012680198,0.022872693,-0.006278389,-0.002718391,-0.023564448,0.003755884,-9.03E-05,
-0.003753274,-0.012840725,-0.016744868,0.00364572,-0.007995409,-9.03E-05,0.003741148,-0.00304885,
0.003586201,0.005444785,-0.008926794,0.00239112,-0.026650695,-0.019321039,-0.017265843,-0.008992347,
-9.03E-05,0.003579455,-0.008262632,0.007335473,-9.03E-05,0.00236071,0.001851478,0.005897754,
-9.03E-05,0.054754337,-0.009828098,0.012194742,-0.012368578,-0.048990026,-0.036911975,0.008838301,
-0.003753274,-0.019154395,-0.005385277,-0.013439785,0.004053377,-0.015514435,-0.00813856,-0.0354885,
-9.03E-05,-0.046026666,0.027666384,0.073095462,0.013664888,0.007742628,0.001938128,-0.012322686,
-9.03E-05,-0.033423603,0.003239363,-0.014416918,-9.03E-05,-0.049313068,-0.002114561,-0.018666121,
-9.03E-05,0.011403983,0.025352208,-0.001253061,0.009407694,0.054405643,0.003966525,0.015682601,
0.007262671,0.011273366,0.01860804,0.008640813,0.029479623,0.030917482,0.034253164,0.030965631,
-0.00738954,-0.016944203,-0.011738699,0.009719309,-0.013677216,-0.007609067,-0.017668395,-0.006114366,
-0.003766741,0.001814492,-0.006161698,-0.010947413,-0.002845091,0.017586498,-0.010030628,0.009000639,
-0.003780307,-0.022903958,0.003502975,0.009730643,-0.002852701,-0.019941387,-0.034226816,-0.015105285,
-0.026016196,0.034929185,-0.000806346,0.001053895,-0.001475312,-0.002621916,0.001988732,-9.03E-05,
-9.03E-05,-0.005729368,-0.007614455,-0.10009027,-0.001477233,0.025290441,-0.010463714,-0.012285392,
0.003712011,0.003690448,0.000992763,0.051338301,0.013798619,0.004860225,0.021186308,0.015341829,
0.018849124,0.011209165,0.025874389,-0.006732782,0.025937127,0.004835838,0.010326397,0.015107298,
-9.03E-05,0.012945112,-0.005011184,0.012675687,0.007920411,0.100399926,0.012280864,0.021251287,
-0.003807742,0.003586201,-0.006448448,-0.036104676,0.011830259,-0.053542386,-0.00212693,0.008864954,
-0.007552957,0.007235737,-0.008977579,-0.035582175,-0.005325872,-0.028325564,-0.018457617,-0.01192459,
-9.03E-05,0.010818821,-0.003318391,0.00571993,0.015699204,-0.0097755,-0.002169272,0.005897754,
-0.003849668,0.003506852,0.001708938,0.046122824,0.007681751,0.012134669,-9.03E-05,-9.03E-05,
-0.00763744,-0.014427188,-0.001167856,-0.006240489,0.007621812,-0.029075777,-0.004256937,-0.00306646,
0.011316574,0.010818821,0.029035944,0.005479037,0.011389322,0.029760476,0.020830232,0.020805252,
-0.007609067,0.055665126,0.008295474,0.027602038,0.001170764,-0.004921188,0.006057271,-0.005938223,
-0.003878149,-0.044383285,0.010651241,-0.009072306,0.006206959,0.002336914,0.026386308,-0.005972623,
0.003712011,-0.021480644,0.012936813,-0.006132566,0.017431632,0.002331038,0.071338301,0.00582689,
-0.003878149,0.012660185,-0.003474364,0.005988757,-0.009930368,0.002325189,-0.037127307,-9.03E-05,
-0.011497114,-0.027068687,-0.010277027,-0.03030175,-0.016239339,-0.057921595,-0.059705655,-0.05009027,
0.007602038,0.014697161,-9.03E-05,0.006763313,-0.003878149,0.015254999,0.00195472,0.009197656,
-0.003907064,0.021767653,0.000595836,-0.003803141,-0.00896226,-0.005128053,-0.016416801,-0.018495178,
-0.003921688,0.015952511,0.001281002,0.011710972,-0.001369042,-0.005153561,-0.018762469,0.00615973,
-9.03E-05,-0.012370972,0.014973064,-0.003159638,0.008872598,0.027899552,-9.03E-05,0.00301532,
0.007602038,-0.001866469,0.011714115,0.001141257,-0.003897376,-0.007516013,-0.010661095,0.018485581,
-9.03E-05,-0.007207708,0.00190973,-0.011775387,0.003731386,-0.010065332,0.012730243,0.005988757,
-9.03E-05,0.008870303,0.002238406,-0.015024931,-0.005166412,-0.010165837,-0.008529089,-0.003111418,
-0.003907064,-0.010747464,-0.00141785,-0.026622171,-0.019222923,-0.015357446,-0.021366866,-0.009181179,
0.011404094,0.012477055,0.040639726,0.009643669,0.028518243,0.030917482,0.030344513,0.018258354,
-0.007666028,-0.037324313,0.012609176,-0.031581273,-0.029167388,-0.037684255,0.002019435,-0.036126306,
-9.03E-05,0.02937566,-0.035460045,0.0005733,0.009024314,0.025951397,0.012541309,0.00614026,
0.003726524,0.039265723,-0.00109027,0.00786729,-0.009122528,-9.03E-05,0.018620749,0.00610168,
-0.003892551,0.003352071,0.003580067,0.008462362,0.00772223,-9.03E-05,0.010113812,-0.003167193,
-9.03E-05,0.054798238,-0.004079632,0.001866677,0.003785699,0.098894502,-0.006150876,-9.03E-05,
-9.03E-05,0.045438185,-0.008768508,-0.015064228,-0.001377271,-0.020875489,-0.004155311,-0.00317669,
0.003726524,-0.021863209,0.003950134,0.019076947,0.005064369,-0.016599704,0.012154628,-0.009378196,
0.003712011,-0.011219046,-0.035636883,-0.002035795,-0.021885142,-0.040857656,-0.02025156,-0.02509027,
-9.03E-05,-0.01616744,-0.011912245,-0.003988905,-0.021060126,-0.02509027,-0.016551175,-0.003295398,
0.003697609,-0.024600074,-0.01451673,-0.014441216,-0.014815839,-0.035987706,-0.021010772,-0.032244611,
-0.00763744,0.003259814,-0.035791805,-0.005384777,-0.0218294,-0.008068993,-0.004363774,-0.016701566,
0.007514293,-0.015115312,0.000279963,-0.035353078,-0.011201381,-0.042985712,-0.021549497,-0.02036054,
0.0074569,-0.011954677,0.012493002,-0.02009027,-0.001494764,0.005511971,-0.002283252,-0.006986822,
0.007400367,-0.010381865,0.010509145,-0.015572325,0.016787367,-0.002875785,-0.015474885,-0.007034714,
-0.003807742,0.086564843,-0.013110162,-0.020819362,-0.009772151,-0.025229935,-0.01571527,-0.007083277,
0.003641073,0.027022968,0.017498591,-0.003009978,0.032032635,0.025697696,0.04299363,0.013994237,
-9.03E-05,-0.032698966,-0.015934706,0.01308689,0.01344153,-0.008470158,0.010779295,-0.013979159,
-0.003807742,-0.038613544,-0.007408236,-0.005870617,0.013260865,0.011177336,-9.03E-05,0.003430857,
-9.03E-05,-0.013445863,0.009878086,-0.021892596,0.010449914,0.005480761,-0.002240808,-0.003599042,
-9.03E-05,-0.008550507,-0.002368174,-0.023121474,-0.004001613,-0.002860353,-9.03E-05,0.013994237,
-0.003821613,0.006735669,0.022740781,0.035651175,0.020852138,0.030465286,0.010685592,0.03115973,
-9.03E-05,-0.018734338,0.01069842,-0.008166628,-0.011628731,-9.03E-05,-0.010751251,0.003276733,
-0.003835588,0.100082442,0.008006896,0.016934156,-9.03E-05,0.010691401,-0.004400615,0.003265435,
-9.03E-05,-0.026777868,-0.008487495,0.004276542,-0.001387287,0.013243063,-0.004419274,0.003254212,
-0.003849668,-0.021058012,-0.00745404,0.003532918,-0.013077283,0.010436046,-0.006612009,-0.003423603,
-0.003863855,0.018031641,-0.019007184,-0.010920595,-0.021142901,-0.02352777,-0.01759574,-0.003434752,
0.015061245,-0.004944639,0.002556233,0.038595861,0.00663016,0.01590973,0.01549993,0.013332549,
0.018566446,-0.027732546,0.001040952,0.016072766,0.003915071,0.015657761,-0.004476235,0.016466021,
0.007235737,-0.013468196,-0.021935844,0.026880684,-0.016047717,0.002493709,-0.011103486,-0.013119586,
0.010818821,-0.003480101,-0.006636284,-9.03E-05,-0.009549729,-0.023286146,-9.03E-05,-0.0033906,
-9.03E-05,0.018617213,0.003398102,0.010684141,0.012188038,0.026294954,0.002136901,0.009843505,
-0.003687392,-0.025132006,-0.007429011,0.01589907,-0.001437979,0.010192506,-0.004534714,-0.019762401,
0.02157038,0.015320689,0.038820236,0.039253992,0.024201228,-0.002634799,0.01553473,0.016632138,
0.010510437,-0.001776611,-9.03E-05,0.000540645,0.020990099,-9.03E-05,0.004305334,0.006488677,
0.003406233,-0.003468648,0.007025835,0.000540247,0.002490375,0.010113812,-0.002278454,-0.009894192,
0.010362692,0.003299561,0.006603668,-0.013322784,0.005057735,0.012535993,0.032804467,0.00981072,
-0.010435098,-0.011914594,0.006189745,-0.002005979,-0.00265109,0.004897261,-9.03E-05,0.003177704,
-9.03E-05,-0.022312492,-0.012204808,-0.002649451,0.002477124,-0.014978607,-0.006459697,0.003167059,
0.010362692,0.006902737,0.032239719,0.009531282,0.008872598,0.012504188,0.027687508,0.006403236,
-0.003538546,-0.001826381,-0.020608628,0.00943959,0.003716837,-0.007552957,-0.016722287,-0.006541883,
-0.0139311,-0.008785922,-0.014423236,-0.007642189,-0.011468272,-0.025152927,-0.027574414,-0.029311049,
-0.007107814,-0.003599042,0.004384003,0.035420193,0.003746047,0.020475283,-0.008785922,-0.003434752,
0.010510437,-0.00537196,-0.00788537,0.008482908,0.005005271,-0.007646945,-0.004476235,0.009976844,
0.006902737,0.001679642,0.002528511,-0.011019232,-0.003892551,0.015138156,-9.03E-05,-0.006734788,
-0.007034714,-0.010690977,-0.024344002,-0.014823235,-0.015357445,-0.02009027,-0.015508772,-0.013468196,
-9.03E-05,-0.02509027,-0.000855088,-0.012551329,0.007661668,0.00246075,-0.002327406,-9.03E-05,
-0.007083277,-0.029394299,-0.004299991,-0.012708567,-0.011628731,-0.03571368,-0.006816727,-0.023819084,
-0.007132524,-0.018958195,0.007596125,-0.019898577,-0.007872371,-0.037029584,-0.004604943,-0.024395826,
0.007001929,0.009525115,-0.008480812,0.033156145,-0.010547787,0.035526168,-0.004625417,0.014144605,
0.003430857,-0.003899794,-0.003936424,-0.0354215,0.017082782,0.010491741,-0.009201887,-0.007107814,
-0.007107814,0.001821776,0.017670348,0.01756833,-9.03E-05,-0.007943673,0.002208581,0.006976868,
-0.003623839,0.001818127,0.016601688,0.002480424,0.023286353,0.021017909,0.002203308,0.101664116,
0.003455829,0.001814492,-0.006806688,0.006319986,-9.03E-05,0.028333503,-0.0023786,-0.016013837,
-0.007157408,-0.009595973,0.007047221,-0.014103009,0.008792979,0.032573047,-0.002383848,-0.029216484,
0.007027168,-0.003929042,0.01147258,0.010245647,0.003683315,-0.00738954,0.016001684,0.00990973,
-0.021291683,-0.027065222,-0.012995874,-0.002647815,0.009934793,0.00236071,-0.022714704,0.01971171,
-0.007310487,-0.021872448,0.011116304,-0.024449244,0.006113204,-0.02209516,0.002224545,-0.022743992,
-0.010999361,-0.026406059,0.010253284,0.016992516,-0.009954635,-0.01259027,-0.007018676,0.003220988,
-0.011119682,-0.012564282,-0.014349868,-0.03884996,-0.01752489,-0.025406726,-0.007067014,-0.02319258,
-0.011242686,-0.006406059,0.025132282,0.016710805,-0.003892551,0.049260379,-9.03E-05,-0.006847027,
0.007428527,0.044401255,-0.010220516,0.003214423,0.010087847,-0.005040765,0.00225165,0.013515172,
0.018566446,-0.018345848,-0.0212891,0.011108676,0.011244743,0.004884854,-0.002426719,-0.006801679,
0.003572734,-0.016619196,-0.004571226,0.009030251,0.02108034,-9.03E-05,-0.007116031,0.003288108,
0.02180754,-9.03E-05,0.011537637,0.00571993,0.002348754,-0.012466508,0.004626711,0.013377743,
0.007052587,0.020918133,-0.003427311,-0.044377818,-0.01468881,0.01745359,0.021036491,0.009876507,
0.003455829,-0.010378336,-0.00790277,-0.047773279,-0.013670517,-0.024720812,0.002208581,-0.016537638,
-0.017758115,-0.01048528,-0.000840177,0.100050774,-0.003844963,-0.027868048,0.013671198,-9.03E-05,
0.003506852,-0.004291951,-0.004593084,0.033884089,-0.012653084,-0.013077283,-0.0068776,0.003254212,
-0.003674499,0.002019435,0.011217683,0.03524761,0.021538229,0.020962362,-0.011479792,0.016576397,
-0.000457634,-0.000350778,0.000470468,-0.000327496,-0.000227422,-0.000850608,-0.000573767,-0.001298385,-0.000451953
