fips_code,County,date,Yield
55001,ADAMS,1974,2.5
55001,ADAMS,1975,2.82
55001,ADAMS,1976,2.86
55001,ADAMS,1977,2.49
55001,ADAMS,1978,2.92
55001,ADAMS,1979,2.91
55001,ADAMS,1980,2.82
55001,ADAMS,1981,3.33
55001,ADAMS,1982,3
55001,ADAMS,1983,2.9
55001,ADAMS,1984,3.48
55001,ADAMS,1985,3.24
55001,ADAMS,1986,3.68
55001,ADAMS,1987,3.51
55001,ADAMS,1988,3.65
55001,ADAMS,1989,3.32
55001,ADAMS,1990,3.41
55001,ADAMS,1991,3.9
55001,ADAMS,1992,3.26
55001,ADAMS,1993,3.4
55001,ADAMS,1994,3.6
55001,ADAMS,1995,4.8
55001,ADAMS,1996,3.8
55001,ADAMS,1997,3.1
55001,ADAMS,1998,3.8
55001,ADAMS,1999,4.4
55001,ADAMS,2000,4.5
55001,ADAMS,2001,3.6
55001,ADAMS,2002,4.6
55001,ADAMS,2003,4.3
55001,ADAMS,2004,3.9
55001,ADAMS,2005,3.9
55001,ADAMS,2006,4.4
55001,ADAMS,2007,3.8
55005,BARRON,1974,2.22
55005,BARRON,1975,1.59
55005,BARRON,1976,1.44
55005,BARRON,1977,2.29
55005,BARRON,1978,2.44
55005,BARRON,1979,2.27
55005,BARRON,1980,2.14
55005,BARRON,1981,3.06
55005,BARRON,1982,2.4
55005,BARRON,1983,2.15
55005,BARRON,1984,2.41
55005,BARRON,1985,2.78
55005,BARRON,1986,2.75
55005,BARRON,1987,2.9
55005,BARRON,1988,1.73
55005,BARRON,1989,3.35
55005,BARRON,1990,3.12
55005,BARRON,1991,3.56
55005,BARRON,1992,1.91
55005,BARRON,1993,3.1
55005,BARRON,1994,2.7
55005,BARRON,1995,4
55005,BARRON,1996,4.5
55005,BARRON,1997,3.3
55005,BARRON,1998,3.5
55005,BARRON,1999,3.2
55005,BARRON,2000,3.6
55005,BARRON,2001,3.2
55005,BARRON,2002,4.7
55005,BARRON,2003,3.9
55005,BARRON,2004,3.5
55005,BARRON,2005,3.5
55005,BARRON,2006,2.4
55005,BARRON,2007,2.9
55009,BROWN,1974,2.5
55009,BROWN,1975,2.13
55009,BROWN,1976,1.33
55009,BROWN,1977,2.13
55009,BROWN,1978,2.85
55009,BROWN,1979,2.5
55009,BROWN,1980,3
55009,BROWN,1981,3.5
55009,BROWN,1982,3
55009,BROWN,1983,2.63
55009,BROWN,1984,2.5
55009,BROWN,1985,2.63
55009,BROWN,1986,2.26
55009,BROWN,1987,2.37
55009,BROWN,1988,1.61
55009,BROWN,1989,3.13
55009,BROWN,1990,2.75
55009,BROWN,1991,2.67
55009,BROWN,1992,3.17
55009,BROWN,1993,2.4
55009,BROWN,1994,4.4
55009,BROWN,1995,1.1
55011,BUFFALO,1974,2
55011,BUFFALO,1975,2
55011,BUFFALO,1977,2
55011,BUFFALO,1978,2
55011,BUFFALO,1979,3
55011,BUFFALO,1980,2
55011,BUFFALO,1981,2.5
55011,BUFFALO,1986,2
55011,BUFFALO,1987,2.4
55011,BUFFALO,1988,2
55011,BUFFALO,1989,3
55013,BURNETT,1974,2
55013,BURNETT,1975,1.63
55013,BURNETT,1976,1.5
55013,BURNETT,1977,2.44
55013,BURNETT,1978,2.5
55013,BURNETT,1979,3.17
55013,BURNETT,1980,1.83
55013,BURNETT,1981,3
55013,BURNETT,1982,2.5
55013,BURNETT,1983,2
55013,BURNETT,1984,2.5
55013,BURNETT,1985,3
55013,BURNETT,1986,2.5
55013,BURNETT,1987,2.27
55013,BURNETT,1988,1.5
55013,BURNETT,1989,3
55013,BURNETT,1990,2
55013,BURNETT,1991,3
55013,BURNETT,1992,1.5
55013,BURNETT,1993,2.7
55013,BURNETT,1994,3
55015,CALUMET,1974,2.67
55015,CALUMET,1975,2
55015,CALUMET,1976,2
55015,CALUMET,1977,3
55015,CALUMET,1978,3
55015,CALUMET,1979,3
55015,CALUMET,1980,3
55015,CALUMET,1985,2.5
55015,CALUMET,1986,2.25
55015,CALUMET,1987,2.26
55015,CALUMET,1988,1.67
55015,CALUMET,1989,2.67
55015,CALUMET,1990,2.5
55015,CALUMET,1991,3.5
55015,CALUMET,1992,2.5
55015,CALUMET,1993,2
55015,CALUMET,1994,3.6
55017,CHIPPEWA,1974,2.13
55017,CHIPPEWA,1975,1.89
55017,CHIPPEWA,1976,1.78
55017,CHIPPEWA,1977,2.27
55017,CHIPPEWA,1978,3.25
55017,CHIPPEWA,1979,2.58
55017,CHIPPEWA,1980,2.33
55017,CHIPPEWA,1981,3.27
55017,CHIPPEWA,1982,3.29
55017,CHIPPEWA,1983,2.46
55017,CHIPPEWA,1984,2.64
55017,CHIPPEWA,1985,2.69
55017,CHIPPEWA,1986,2.09
55017,CHIPPEWA,1987,2.57
55017,CHIPPEWA,1988,1.85
55017,CHIPPEWA,1989,2.95
55017,CHIPPEWA,1990,1.86
55017,CHIPPEWA,1991,3.43
55017,CHIPPEWA,1992,2.8
55017,CHIPPEWA,1993,3.5
55017,CHIPPEWA,1994,2.8
55017,CHIPPEWA,1995,2.3
55019,CLARK,1974,2
55019,CLARK,1975,2
55019,CLARK,1976,1.43
55019,CLARK,1977,2.4
55019,CLARK,1978,1.4
55019,CLARK,1979,1.58
55019,CLARK,1980,2.29
55019,CLARK,1981,2.6
55019,CLARK,1982,2.8
55019,CLARK,1983,2.5
55019,CLARK,1984,2.43
55019,CLARK,1985,2.5
55019,CLARK,1986,2.25
55019,CLARK,1987,2.47
55019,CLARK,1988,2.4
55019,CLARK,1989,2.33
55021,COLUMBIA,1974,3
55021,COLUMBIA,1975,2
55021,COLUMBIA,1976,2.18
55021,COLUMBIA,1977,3
55021,COLUMBIA,1978,2.25
55021,COLUMBIA,1979,2.62
55021,COLUMBIA,1980,2.58
55021,COLUMBIA,1981,3.38
55021,COLUMBIA,1982,2.71
55021,COLUMBIA,1983,2.79
55021,COLUMBIA,1984,2.84
55021,COLUMBIA,1985,2.53
55021,COLUMBIA,1986,3.54
55021,COLUMBIA,1987,3.64
55021,COLUMBIA,1988,1.87
55021,COLUMBIA,1989,3.08
55021,COLUMBIA,1990,3.17
55021,COLUMBIA,1991,2.93
55021,COLUMBIA,1992,4
55021,COLUMBIA,1993,3.1
55021,COLUMBIA,1994,3.9
55021,COLUMBIA,1995,3.2
55021,COLUMBIA,1996,4.6
55021,COLUMBIA,1997,3.7
55021,COLUMBIA,1998,4.3
55021,COLUMBIA,1999,3.6
55021,COLUMBIA,2000,4
55021,COLUMBIA,2001,2.9
55021,COLUMBIA,2002,4.1
55021,COLUMBIA,2003,4.8
55021,COLUMBIA,2004,5
55021,COLUMBIA,2005,4.1
55021,COLUMBIA,2006,5.2
55021,COLUMBIA,2007,3.6
55023,CRAWFORD,1974,2
55023,CRAWFORD,1975,2
55025,DANE,1974,2.8
55025,DANE,1975,2
55025,DANE,1977,2.8
55025,DANE,1978,2.67
55025,DANE,1979,2.57
55025,DANE,1980,2.67
55025,DANE,1981,3.33
55025,DANE,1982,2.75
55025,DANE,1983,3
55025,DANE,1984,2.89
55025,DANE,1985,2.17
55025,DANE,1986,3.09
55025,DANE,1987,2.76
55025,DANE,1988,1.15
55025,DANE,1989,3.8
55025,DANE,1990,2.67
55025,DANE,1991,2.8
55025,DANE,1992,4
55025,DANE,1993,3.9
55025,DANE,1994,4.9
55025,DANE,1995,4.1
55025,DANE,1996,2.9
55025,DANE,1997,3.9
55025,DANE,1998,4.5
55025,DANE,1999,4.2
55025,DANE,2000,3.8
55025,DANE,2001,2.9
55027,DODGE,1975,2
55027,DODGE,1976,2
55027,DODGE,1977,2.89
55027,DODGE,1978,2.59
55027,DODGE,1979,2.1
55027,DODGE,1980,2.56
55027,DODGE,1981,2.71
55027,DODGE,1982,2.6
55027,DODGE,1983,2.8
55027,DODGE,1984,3.33
55027,DODGE,1985,2.6
55027,DODGE,1986,3.2
55027,DODGE,1987,2.98
55027,DODGE,1988,1.69
55027,DODGE,1989,2.75
55027,DODGE,1990,3.23
55027,DODGE,1991,3.2
55027,DODGE,1992,3.08
55027,DODGE,1993,2.9
55027,DODGE,1994,3.8
55027,DODGE,1995,4.5
55027,DODGE,1996,4.6
55027,DODGE,1997,4.3
55027,DODGE,1998,4.9
55027,DODGE,1999,4.8
55027,DODGE,2000,4.9
55027,DODGE,2001,4.2
55029,DOOR,1974,2.57
55029,DOOR,1975,1.47
55029,DOOR,1976,2
55029,DOOR,1977,2.6
55029,DOOR,1978,1.53
55029,DOOR,1979,2.11
55029,DOOR,1980,3
55029,DOOR,1981,3.17
55029,DOOR,1982,2.75
55029,DOOR,1983,2.78
55029,DOOR,1984,2.5
55029,DOOR,1985,2.2
55029,DOOR,1986,2
55029,DOOR,1987,2.69
55029,DOOR,1988,1.36
55029,DOOR,1989,2.83
55029,DOOR,1990,3.19
55029,DOOR,1991,3
55029,DOOR,1992,3.36
55029,DOOR,1993,3
55029,DOOR,1994,4
55029,DOOR,1995,2.5
55029,DOOR,1996,4.2
55029,DOOR,1997,3.1
55029,DOOR,1998,3.4
55029,DOOR,1999,3.8
55029,DOOR,2000,4.8
55029,DOOR,2001,3.7
55029,DOOR,2002,2.7
55029,DOOR,2003,2.8
55029,DOOR,2004,3.2
55029,DOOR,2005,3.2
55029,DOOR,2006,2.8
55029,DOOR,2007,2.9
55033,DUNN,1974,1.71
55033,DUNN,1975,1.67
55033,DUNN,1976,1
55033,DUNN,1977,2.1
55033,DUNN,1978,1.53
55033,DUNN,1979,2.3
55033,DUNN,1980,1.67
55033,DUNN,1981,2.09
55033,DUNN,1982,2.25
55033,DUNN,1983,2.06
55033,DUNN,1984,2.78
55033,DUNN,1985,2.67
55033,DUNN,1986,2.5
55033,DUNN,1987,2.94
55033,DUNN,1988,1.53
55033,DUNN,1989,3.33
55033,DUNN,1990,2.75
55033,DUNN,1991,3.88
55033,DUNN,1992,2.57
55033,DUNN,1993,1.5
55033,DUNN,1994,3.7
55033,DUNN,1995,2.8
55033,DUNN,1996,2.5
55033,DUNN,1997,2.2
55033,DUNN,1998,2.4
55033,DUNN,1999,2.9
55033,DUNN,2000,3.1
55033,DUNN,2001,2.6
55033,DUNN,2002,4.3
55033,DUNN,2003,4.8
55033,DUNN,2004,4.5
55035,EAU CLAIRE,1974,1.67
55035,EAU CLAIRE,1975,2
55035,EAU CLAIRE,1976,1.17
55035,EAU CLAIRE,1977,2
55035,EAU CLAIRE,1978,2.83
55035,EAU CLAIRE,1979,2.57
55035,EAU CLAIRE,1980,1.75
55035,EAU CLAIRE,1981,2.13
55035,EAU CLAIRE,1982,2.67
55035,EAU CLAIRE,1983,1.75
55035,EAU CLAIRE,1984,2.56
55035,EAU CLAIRE,1985,2.2
55035,EAU CLAIRE,1986,2.14
55035,EAU CLAIRE,1987,2.37
55035,EAU CLAIRE,1988,2.2
55035,EAU CLAIRE,1989,3
55035,EAU CLAIRE,1990,3
55035,EAU CLAIRE,1991,4
55035,EAU CLAIRE,1992,2
55035,EAU CLAIRE,1994,3.2
55039,FOND DU LAC,1974,3.2
55039,FOND DU LAC,1975,2
55039,FOND DU LAC,1976,2.33
55039,FOND DU LAC,1977,3
55039,FOND DU LAC,1979,3
55039,FOND DU LAC,1980,3
55039,FOND DU LAC,1981,3
55039,FOND DU LAC,1982,3
55039,FOND DU LAC,1983,3.33
55039,FOND DU LAC,1984,2.85
55039,FOND DU LAC,1985,2.57
55039,FOND DU LAC,1986,2.17
55039,FOND DU LAC,1987,2.23
55039,FOND DU LAC,1988,2
55039,FOND DU LAC,1989,3.38
55039,FOND DU LAC,1990,3.63
55039,FOND DU LAC,1991,2.82
55039,FOND DU LAC,1992,2.29
55039,FOND DU LAC,1993,3.1
55039,FOND DU LAC,1994,3.7
55039,FOND DU LAC,1995,1.7
55039,FOND DU LAC,1996,3.5
55039,FOND DU LAC,1997,3
55039,FOND DU LAC,1998,3.5
55039,FOND DU LAC,1999,3.7
55039,FOND DU LAC,2000,4.9
55041,FOREST,1988,3
55041,FOREST,1989,3
55041,FOREST,1990,3
55041,FOREST,1991,3
55041,FOREST,1992,2
55043,GRANT,1975,2
55043,GRANT,1976,2
55043,GRANT,1981,3
55043,GRANT,1983,3
55043,GRANT,1984,2.4
55043,GRANT,1985,2.5
55043,GRANT,1986,2
55043,GRANT,1987,2.5
55043,GRANT,1988,2.4
55045,GREEN,1974,2
55045,GREEN,1985,2.2
55045,GREEN,1986,3.33
55045,GREEN,1987,3.21
55045,GREEN,1988,2.16
55045,GREEN,1989,3.74
55045,GREEN,1990,3.15
55045,GREEN,1991,4.29
55045,GREEN,1992,3.39
55045,GREEN,1993,3.8
55045,GREEN,1994,3.9
55045,GREEN,1995,3.7
55047,GREEN LAKE,1974,3.27
55047,GREEN LAKE,1975,2.77
55047,GREEN LAKE,1976,2.74
55047,GREEN LAKE,1977,2.7
55047,GREEN LAKE,1978,3.2
55047,GREEN LAKE,1979,3.56
55047,GREEN LAKE,1980,3
55047,GREEN LAKE,1981,3.8
55047,GREEN LAKE,1982,4.33
55047,GREEN LAKE,1983,3.65
55047,GREEN LAKE,1984,3.58
55047,GREEN LAKE,1985,3.43
55047,GREEN LAKE,1986,3.71
55047,GREEN LAKE,1987,3.74
55047,GREEN LAKE,1988,2.73
55047,GREEN LAKE,1989,3.42
55047,GREEN LAKE,1990,3.46
55047,GREEN LAKE,1991,4.24
55047,GREEN LAKE,1992,2.89
55047,GREEN LAKE,1993,4.1
55047,GREEN LAKE,1994,3.9
55047,GREEN LAKE,1995,3.9
55047,GREEN LAKE,1996,4.2
55047,GREEN LAKE,1997,3.5
55047,GREEN LAKE,1998,4.3
55047,GREEN LAKE,1999,4.5
55047,GREEN LAKE,2000,3.2
55047,GREEN LAKE,2001,3.5
55047,GREEN LAKE,2002,3.8
55047,GREEN LAKE,2003,2.4
55047,GREEN LAKE,2004,4.5
55047,GREEN LAKE,2005,4.2
55047,GREEN LAKE,2006,5.3
55047,GREEN LAKE,2007,4.9
55049,IOWA,1974,3
55049,IOWA,1975,1.67
55049,IOWA,1976,1.8
55049,IOWA,1977,3
55049,IOWA,1978,3
55049,IOWA,1979,2.6
55049,IOWA,1980,2.7
55049,IOWA,1981,3
55049,IOWA,1983,3
55049,IOWA,1984,2.4
55049,IOWA,1985,3
55049,IOWA,1986,2.56
55049,IOWA,1987,3.17
55049,IOWA,1988,2.7
55049,IOWA,1989,3.06
55049,IOWA,1990,3
55049,IOWA,1991,3
55049,IOWA,1992,3.5
55053,JACKSON,1974,2
55053,JACKSON,1985,2
55053,JACKSON,1986,2
55053,JACKSON,1987,2.4
55053,JACKSON,1988,1.4
55053,JACKSON,1989,3
55053,JACKSON,1990,3.4
55053,JACKSON,1991,3.75
55053,JACKSON,1992,2
55053,JACKSON,1993,2.3
55053,JACKSON,1994,3
55055,JEFFERSON,1974,2.67
55055,JEFFERSON,1975,1.67
55055,JEFFERSON,1976,2
55055,JEFFERSON,1977,2
55055,JEFFERSON,1978,2.57
55055,JEFFERSON,1979,2.86
55055,JEFFERSON,1980,2.58
55055,JEFFERSON,1981,2.67
55055,JEFFERSON,1982,2.67
55055,JEFFERSON,1983,3
55055,JEFFERSON,1984,3
55055,JEFFERSON,1985,2.5
55055,JEFFERSON,1986,3
55055,JEFFERSON,1987,2.6
55055,JEFFERSON,1988,1.6
55055,JEFFERSON,1989,3
55055,JEFFERSON,1990,2
55055,JEFFERSON,1991,3
55055,JEFFERSON,1994,4
55057,JUNEAU,1979,3.4
55057,JUNEAU,1980,3
55057,JUNEAU,1981,3
55057,JUNEAU,1982,3
55057,JUNEAU,1983,3.31
55057,JUNEAU,1984,3.61
55057,JUNEAU,1985,2.88
55057,JUNEAU,1986,3.31
55057,JUNEAU,1987,3.1
55057,JUNEAU,1988,2.82
55057,JUNEAU,1989,3
55057,JUNEAU,1990,2.38
55057,JUNEAU,1991,3.13
55057,JUNEAU,1992,3.83
55057,JUNEAU,1993,2.9
55057,JUNEAU,1994,3.7
55057,JUNEAU,2002,5.2
55057,JUNEAU,2005,4.5
55057,JUNEAU,2006,5.3
55059,KENOSHA,1975,2
55059,KENOSHA,1976,2.17
55059,KENOSHA,1977,3
55059,KENOSHA,1978,2.5
55059,KENOSHA,1979,2.5
55059,KENOSHA,1980,2.5
55059,KENOSHA,1983,3
55059,KENOSHA,1984,4
55059,KENOSHA,1985,2.5
55059,KENOSHA,1986,3
55059,KENOSHA,1989,3.2
55059,KENOSHA,1991,4
55059,KENOSHA,1992,3
55059,KENOSHA,1993,3
55059,KENOSHA,1994,2.7
55061,KEWAUNEE,1974,2.5
55061,KEWAUNEE,1975,1.64
55061,KEWAUNEE,1976,1.63
55061,KEWAUNEE,1977,3.1
55061,KEWAUNEE,1978,2.78
55061,KEWAUNEE,1979,2.83
55061,KEWAUNEE,1980,2.08
55061,KEWAUNEE,1981,3.18
55061,KEWAUNEE,1982,2.88
55061,KEWAUNEE,1983,2.71
55061,KEWAUNEE,1984,2.8
55061,KEWAUNEE,1985,2.38
55061,KEWAUNEE,1986,2
55061,KEWAUNEE,1987,2.57
55061,KEWAUNEE,1988,2.17
55061,KEWAUNEE,1989,3.29
55061,KEWAUNEE,1990,2.83
55061,KEWAUNEE,1991,3.57
55061,KEWAUNEE,1992,4.17
55061,KEWAUNEE,1993,3
55061,KEWAUNEE,1994,2.3
55061,KEWAUNEE,1995,2
55061,KEWAUNEE,1996,3.3
55061,KEWAUNEE,1997,2.9
55061,KEWAUNEE,1998,3.6
55061,KEWAUNEE,1999,3.7
55061,KEWAUNEE,2000,3.1
55061,KEWAUNEE,2001,1.9
55061,KEWAUNEE,2002,3.6
55063,LA CROSSE,1974,2.24
55063,LA CROSSE,1975,1.83
55063,LA CROSSE,1976,1
55063,LA CROSSE,1977,2
55063,LA CROSSE,1978,1.5
55063,LA CROSSE,1979,2.5
55063,LA CROSSE,1980,2
55063,LA CROSSE,1985,2
55063,LA CROSSE,1986,2
55063,LA CROSSE,1987,2.4
55063,LA CROSSE,1988,2.8
55063,LA CROSSE,1989,2.5
55063,LA CROSSE,1990,2
55063,LA CROSSE,1991,3
55065,LAFAYETTE,1974,2.4
55065,LAFAYETTE,1975,1.75
55065,LAFAYETTE,1976,1.67
55065,LAFAYETTE,1977,3
55065,LAFAYETTE,1978,3
55065,LAFAYETTE,1979,2.8
55065,LAFAYETTE,1980,2.7
55067,LANGLADE,1974,2.71
55067,LANGLADE,1975,1.54
55067,LANGLADE,1976,1.79
55067,LANGLADE,1977,2.55
55067,LANGLADE,1978,2.45
55067,LANGLADE,1979,2.76
55067,LANGLADE,1980,1.97
55067,LANGLADE,1981,2.79
55067,LANGLADE,1982,2.75
55067,LANGLADE,1983,2.58
55067,LANGLADE,1984,2.08
55067,LANGLADE,1985,2.52
55067,LANGLADE,1986,2.79
55067,LANGLADE,1987,2.85
55067,LANGLADE,1988,2.08
55067,LANGLADE,1989,3.62
55067,LANGLADE,1990,3.26
55067,LANGLADE,1991,3.33
55067,LANGLADE,1992,2.68
55067,LANGLADE,1993,3.4
55067,LANGLADE,1994,3
55067,LANGLADE,1995,2.7
55067,LANGLADE,2005,3.6
55067,LANGLADE,2006,2.7
55067,LANGLADE,2007,3.2
55069,LINCOLN,1974,2.33
55069,LINCOLN,1975,2
55069,LINCOLN,1976,1.9
55069,LINCOLN,1977,2.73
55069,LINCOLN,1978,2.69
55069,LINCOLN,1979,2.67
55069,LINCOLN,1980,2.45
55069,LINCOLN,1981,3.13
55069,LINCOLN,1982,2.87
55069,LINCOLN,1983,2.53
55069,LINCOLN,1984,2.39
55069,LINCOLN,1985,2.45
55069,LINCOLN,1986,2.3
55069,LINCOLN,1987,2.45
55069,LINCOLN,1988,2.4
55069,LINCOLN,1989,2.25
55069,LINCOLN,1990,3
55069,LINCOLN,1991,2
55071,MANITOWOC,1974,2.33
55071,MANITOWOC,1975,1.68
55071,MANITOWOC,1976,1.71
55071,MANITOWOC,1977,2.86
55071,MANITOWOC,1978,2.44
55071,MANITOWOC,1979,2.72
55071,MANITOWOC,1980,2.39
55071,MANITOWOC,1981,2.78
55071,MANITOWOC,1982,2.9
55071,MANITOWOC,1983,2.71
55071,MANITOWOC,1984,3.18
55071,MANITOWOC,1985,2.66
55071,MANITOWOC,1986,2.57
55071,MANITOWOC,1987,2.61
55071,MANITOWOC,1988,1.82
55071,MANITOWOC,1989,3.41
55071,MANITOWOC,1990,3.21
55071,MANITOWOC,1991,3.32
55071,MANITOWOC,1992,3.45
55071,MANITOWOC,1993,2.9
55071,MANITOWOC,1994,2.9
55071,MANITOWOC,1995,2.1
55071,MANITOWOC,1996,2.1
55071,MANITOWOC,1997,3
55071,MANITOWOC,1998,3.2
55071,MANITOWOC,1999,3
55071,MANITOWOC,2000,2.7
55071,MANITOWOC,2001,2.2
55071,MANITOWOC,2002,4.4
55071,MANITOWOC,2003,1.5
55071,MANITOWOC,2004,2.7
55071,MANITOWOC,2005,3
55071,MANITOWOC,2006,2.7
55071,MANITOWOC,2007,2.7
55073,MARATHON,1974,2.67
55073,MARATHON,1975,2
55073,MARATHON,1976,1.75
55073,MARATHON,1977,2.55
55073,MARATHON,1978,3.17
55073,MARATHON,1979,2.71
55073,MARATHON,1980,2.44
55073,MARATHON,1981,2.75
55073,MARATHON,1982,2.9
55073,MARATHON,1983,2.55
55073,MARATHON,1984,2.38
55073,MARATHON,1985,2.44
55073,MARATHON,1986,2.68
55073,MARATHON,1987,2.47
55073,MARATHON,1988,2.4
55073,MARATHON,1989,2.33
55073,MARATHON,1990,3.5
55073,MARATHON,1991,3.5
55073,MARATHON,1992,1.33
55075,MARINETTE,1974,2
55075,MARINETTE,1975,2
55075,MARINETTE,1976,2
55075,MARINETTE,1977,2.33
55075,MARINETTE,1978,3.17
55075,MARINETTE,1979,2.86
55075,MARINETTE,1980,3
55075,MARINETTE,1981,2.8
55075,MARINETTE,1982,2.13
55075,MARINETTE,1983,2.15
55075,MARINETTE,1984,2.86
55075,MARINETTE,1985,2.5
55075,MARINETTE,1986,2.71
55075,MARINETTE,1987,2.76
55075,MARINETTE,1988,1.89
55075,MARINETTE,1989,3.53
55075,MARINETTE,1990,2.82
55075,MARINETTE,1991,2.91
55075,MARINETTE,1992,1.56
55075,MARINETTE,1993,2.4
55075,MARINETTE,1994,2.7
55075,MARINETTE,1995,2.8
55077,MARQUETTE,1974,3
55077,MARQUETTE,1975,2.75
55077,MARQUETTE,1976,2.73
55077,MARQUETTE,1977,2
55077,MARQUETTE,1978,3
55077,MARQUETTE,1979,3
55077,MARQUETTE,1980,3
55077,MARQUETTE,1985,3
55077,MARQUETTE,1986,2.75
55077,MARQUETTE,1987,2.51
55077,MARQUETTE,1988,2.83
55077,MARQUETTE,1989,3
55077,MARQUETTE,1990,2.33
55077,MARQUETTE,1991,4
55077,MARQUETTE,1992,2.5
55077,MARQUETTE,1993,3
55077,MARQUETTE,1994,4
55081,MONROE,1974,2
55081,MONROE,1975,2
55081,MONROE,1976,1
55083,OCONTO,1974,2.41
55083,OCONTO,1975,1.73
55083,OCONTO,1976,1.65
55083,OCONTO,1977,2.52
55083,OCONTO,1978,3.04
55083,OCONTO,1979,2.7
55083,OCONTO,1980,2.23
55083,OCONTO,1981,2.7
55083,OCONTO,1982,2.5
55083,OCONTO,1983,2.39
55083,OCONTO,1984,3.03
55083,OCONTO,1985,2.82
55083,OCONTO,1986,3.13
55083,OCONTO,1987,2.98
55083,OCONTO,1988,1.88
55083,OCONTO,1989,2.95
55083,OCONTO,1990,2.85
55083,OCONTO,1991,3.42
55083,OCONTO,1992,2.41
55083,OCONTO,1993,2.5
55083,OCONTO,1994,3
55083,OCONTO,1995,2.8
55083,OCONTO,1996,1.9
55083,OCONTO,1997,2.5
55083,OCONTO,1998,2.9
55083,OCONTO,1999,2.9
55083,OCONTO,2000,2.5
55083,OCONTO,2001,2.4
55083,OCONTO,2002,3.5
55083,OCONTO,2003,4.3
55083,OCONTO,2004,3.5
55083,OCONTO,2005,3.1
55083,OCONTO,2006,2.4
55083,OCONTO,2007,2.3
55085,ONEIDA,1974,2.5
55085,ONEIDA,1975,2
55085,ONEIDA,1976,1.57
55085,ONEIDA,1977,2.67
55085,ONEIDA,1978,1.56
55085,ONEIDA,1979,2
55085,ONEIDA,1980,2.43
55085,ONEIDA,1981,3.1
55085,ONEIDA,1982,2.8
55085,ONEIDA,1983,2.5
55085,ONEIDA,1984,2.42
55085,ONEIDA,1985,2.67
55085,ONEIDA,1986,2.3
55085,ONEIDA,1987,4.14
55085,ONEIDA,1988,2.83
55085,ONEIDA,1989,2.59
55085,ONEIDA,1990,3.33
55085,ONEIDA,1991,3
55087,OUTAGAMIE,1974,1.64
55087,OUTAGAMIE,1975,1.47
55087,OUTAGAMIE,1976,1.64
55087,OUTAGAMIE,1977,2.27
55087,OUTAGAMIE,1978,2.53
55087,OUTAGAMIE,1979,2.78
55087,OUTAGAMIE,1980,2.22
55087,OUTAGAMIE,1981,1.5
55087,OUTAGAMIE,1982,1.92
55087,OUTAGAMIE,1983,2.82
55087,OUTAGAMIE,1984,2.46
55087,OUTAGAMIE,1985,2.46
55087,OUTAGAMIE,1986,2.42
55087,OUTAGAMIE,1987,2.34
55087,OUTAGAMIE,1988,2.04
55087,OUTAGAMIE,1989,3.55
55087,OUTAGAMIE,1990,3.22
55087,OUTAGAMIE,1991,2.71
55087,OUTAGAMIE,1992,2.86
55087,OUTAGAMIE,1993,2.4
55087,OUTAGAMIE,1994,2.8
55087,OUTAGAMIE,1995,1.3
55087,OUTAGAMIE,1996,2
55087,OUTAGAMIE,1997,2.2
55087,OUTAGAMIE,1998,2.6
55087,OUTAGAMIE,1999,2.8
55087,OUTAGAMIE,2000,3.5
55087,OUTAGAMIE,2001,1.9
55087,OUTAGAMIE,2002,3
55089,OZAUKEE,1974,2.46
55089,OZAUKEE,1975,1.87
55089,OZAUKEE,1976,2.74
55089,OZAUKEE,1977,2.9
55089,OZAUKEE,1978,2.2
55089,OZAUKEE,1979,2.33
55089,OZAUKEE,1980,2.4
55089,OZAUKEE,1981,3.4
55089,OZAUKEE,1982,3.56
55089,OZAUKEE,1983,3.4
55089,OZAUKEE,1984,4
55089,OZAUKEE,1985,2.77
55089,OZAUKEE,1986,2.8
55089,OZAUKEE,1987,2.84
55089,OZAUKEE,1988,2.53
55089,OZAUKEE,1989,2.1
55089,OZAUKEE,1990,3.5
55089,OZAUKEE,1991,3
55089,OZAUKEE,1992,4
55089,OZAUKEE,1993,3.2
55089,OZAUKEE,1994,4
55091,PEPIN,1974,1.71
55091,PEPIN,1975,1.56
55091,PEPIN,1976,1.5
55091,PEPIN,1977,2.13
55091,PEPIN,1978,2.35
55091,PEPIN,1979,2.3
55091,PEPIN,1980,1.75
55091,PEPIN,1981,2.5
55091,PEPIN,1982,2.5
55091,PEPIN,1983,1.83
55091,PEPIN,1984,2.43
55091,PEPIN,1985,2.5
55091,PEPIN,1986,2.38
55091,PEPIN,1987,2.7
55091,PEPIN,1988,2.2
55091,PEPIN,1989,3
55091,PEPIN,1990,2
55091,PEPIN,1991,3
55091,PEPIN,1992,2
55093,PIERCE,1974,1.5
55093,PIERCE,1975,2
55093,PIERCE,1976,1.4
55093,PIERCE,1977,2.2
55093,PIERCE,1978,1.71
55093,PIERCE,1979,2.38
55093,PIERCE,1980,1.75
55093,PIERCE,1981,2.4
55093,PIERCE,1982,2.5
55093,PIERCE,1983,2
55093,PIERCE,1984,2.5
55093,PIERCE,1985,2.5
55093,PIERCE,1986,2.33
55093,PIERCE,1987,2.6
55093,PIERCE,1988,2.2
55093,PIERCE,1989,3
55093,PIERCE,1990,2
55093,PIERCE,1991,2
55095,POLK,1974,2.32
55095,POLK,1975,1.47
55095,POLK,1976,1.08
55095,POLK,1977,1.44
55095,POLK,1978,2.67
55095,POLK,1979,1.96
55095,POLK,1980,1.77
55095,POLK,1981,3.09
55095,POLK,1982,2.38
55095,POLK,1983,2.11
55095,POLK,1984,2.39
55095,POLK,1985,2.89
55095,POLK,1986,2.8
55095,POLK,1987,2.75
55095,POLK,1988,1.64
55095,POLK,1989,3
55095,POLK,1990,2.89
55095,POLK,1991,3.67
55095,POLK,1992,2.1
55095,POLK,1993,3.3
55095,POLK,1994,3.6
55095,POLK,1995,3.8
55095,POLK,1996,3.7
55095,POLK,1997,3
55095,POLK,1998,3
55095,POLK,1999,3.5
55095,POLK,2000,3.4
55095,POLK,2001,4
55095,POLK,2002,3.2
55095,POLK,2003,2.1
55095,POLK,2004,3.8
55095,POLK,2005,3.8
55095,POLK,2006,3
55095,POLK,2007,2.1
55097,PORTAGE,1974,2.91
55097,PORTAGE,1975,2.86
55097,PORTAGE,1976,3.07
55097,PORTAGE,1977,3.44
55097,PORTAGE,1978,3.02
55097,PORTAGE,1979,2.33
55097,PORTAGE,1980,3.17
55097,PORTAGE,1981,3.5
55097,PORTAGE,1982,3.24
55097,PORTAGE,1983,3.44
55097,PORTAGE,1984,3.17
55097,PORTAGE,1985,3.23
55097,PORTAGE,1986,3.72
55097,PORTAGE,1987,3.48
55097,PORTAGE,1988,3.21
55097,PORTAGE,1989,3.87
55097,PORTAGE,1990,3.75
55097,PORTAGE,1991,3.99
55097,PORTAGE,1992,3.66
55097,PORTAGE,1993,3.6
55097,PORTAGE,1994,3.9
55097,PORTAGE,1995,3.7
55097,PORTAGE,1996,4.3
55097,PORTAGE,1997,3.7
55097,PORTAGE,1998,4
55097,PORTAGE,1999,4
55097,PORTAGE,2000,4.9
55097,PORTAGE,2001,4.4
55097,PORTAGE,2002,5.5
55097,PORTAGE,2003,5.6
55097,PORTAGE,2004,5.9
55097,PORTAGE,2005,5.3
55097,PORTAGE,2006,5.6
55097,PORTAGE,2007,5
55101,RACINE,1974,2.67
55101,RACINE,1975,2
55101,RACINE,1976,2
55101,RACINE,1988,1.6
55101,RACINE,1989,2.5
55101,RACINE,1990,3.5
55101,RACINE,1991,3
55101,RACINE,1992,2.4
55101,RACINE,1993,2.8
55103,RICHLAND,1974,2.25
55103,RICHLAND,1975,2
55103,RICHLAND,1987,2.29
55103,RICHLAND,1988,2.4
55103,RICHLAND,1989,2.75
55103,RICHLAND,1990,2.5
55103,RICHLAND,1991,3
55103,RICHLAND,1992,2.5
55105,ROCK,1974,2.67
55105,ROCK,1975,1.67
55105,ROCK,1976,2
55105,ROCK,1977,3.64
55105,ROCK,1978,2.89
55105,ROCK,1979,3
55105,ROCK,1980,2.5
55105,ROCK,1981,3.5
55105,ROCK,1982,2.5
55105,ROCK,1983,3
55105,ROCK,1984,3
55105,ROCK,1985,2.57
55105,ROCK,1986,3.78
55105,ROCK,1987,3.18
55105,ROCK,1988,2.11
55105,ROCK,1989,3.42
55105,ROCK,1990,2.98
55105,ROCK,1991,3.35
55105,ROCK,1992,3.42
55105,ROCK,1993,3.2
55105,ROCK,1994,3.8
55105,ROCK,2002,2.8
55107,RUSK,1974,2.5
55107,RUSK,1990,2
55107,RUSK,1991,3
55107,RUSK,1992,1.5
55107,RUSK,1993,4
55107,RUSK,1994,3
55111,SAUK,1974,2.8
55111,SAUK,1975,2
55111,SAUK,1976,2.29
55111,SAUK,1977,2.5
55111,SAUK,1978,2
55111,SAUK,1979,2.67
55111,SAUK,1980,2.7
55111,SAUK,1981,3.25
55111,SAUK,1982,2.67
55111,SAUK,1983,2.33
55111,SAUK,1984,2.5
55111,SAUK,1985,2.68
55111,SAUK,1986,2.59
55111,SAUK,1987,2.86
55111,SAUK,1988,3.01
55111,SAUK,1989,3.17
55111,SAUK,1990,2.71
55111,SAUK,1991,2.88
55111,SAUK,1992,3
55113,SAWYER,1974,2.5
55113,SAWYER,1975,2
55113,SAWYER,1976,1
55115,SHAWANO,1974,2.67
55115,SHAWANO,1975,1.57
55115,SHAWANO,1976,1.5
55115,SHAWANO,1977,2.5
55115,SHAWANO,1978,2.83
55115,SHAWANO,1979,3
55115,SHAWANO,1980,3
55115,SHAWANO,1981,2.57
55115,SHAWANO,1982,2.5
55115,SHAWANO,1983,2.4
55115,SHAWANO,1984,3.05
55115,SHAWANO,1985,2.92
55115,SHAWANO,1986,3.09
55115,SHAWANO,1987,3.02
55115,SHAWANO,1988,1.4
55115,SHAWANO,1989,3
55115,SHAWANO,1990,2.3
55115,SHAWANO,1991,2.67
55115,SHAWANO,1992,1.75
55115,SHAWANO,1993,2.9
55115,SHAWANO,1994,2.9
55115,SHAWANO,1995,2.9
55115,SHAWANO,1996,4.9
55115,SHAWANO,1997,3.9
55115,SHAWANO,1998,3.5
55115,SHAWANO,1999,3.2
55115,SHAWANO,2000,2.7
55115,SHAWANO,2001,1.9
55115,SHAWANO,2002,3.1
55115,SHAWANO,2003,3.5
55117,SHEBOYGAN,1974,2.61
55117,SHEBOYGAN,1975,2.5
55117,SHEBOYGAN,1976,2.5
55117,SHEBOYGAN,1977,2.9
55117,SHEBOYGAN,1978,2.52
55117,SHEBOYGAN,1979,2.52
55117,SHEBOYGAN,1980,2.81
55117,SHEBOYGAN,1981,3.67
55117,SHEBOYGAN,1982,3.36
55117,SHEBOYGAN,1983,3.15
55117,SHEBOYGAN,1984,3.82
55117,SHEBOYGAN,1985,2.59
55117,SHEBOYGAN,1986,2.94
55117,SHEBOYGAN,1987,2.59
55117,SHEBOYGAN,1988,1.92
55117,SHEBOYGAN,1989,3.35
55117,SHEBOYGAN,1990,3.3
55117,SHEBOYGAN,1991,3.25
55117,SHEBOYGAN,1992,3.76
55117,SHEBOYGAN,1993,2.8
55117,SHEBOYGAN,1994,4.6
55117,SHEBOYGAN,1995,2.5
55117,SHEBOYGAN,1996,3.8
55117,SHEBOYGAN,1997,2.6
55117,SHEBOYGAN,1998,2.3
55117,SHEBOYGAN,1999,2.7
55117,SHEBOYGAN,2000,3.4
55117,SHEBOYGAN,2001,2
55117,SHEBOYGAN,2002,3.4
55117,SHEBOYGAN,2003,1.3
55109,ST CROIX,1974,1.36
55109,ST CROIX,1975,1.26
55109,ST CROIX,1976,1.41
55109,ST CROIX,1977,2
55109,ST CROIX,1978,1.54
55109,ST CROIX,1979,2.27
55109,ST CROIX,1980,2.33
55109,ST CROIX,1981,2
55109,ST CROIX,1982,2.2
55109,ST CROIX,1983,2
55109,ST CROIX,1984,2.8
55109,ST CROIX,1985,2.67
55109,ST CROIX,1986,2.42
55109,ST CROIX,1987,2.85
55109,ST CROIX,1988,2.2
55109,ST CROIX,1989,3.17
55109,ST CROIX,1990,2.86
55109,ST CROIX,1991,3.5
55109,ST CROIX,1992,2.78
55109,ST CROIX,1993,2.2
55109,ST CROIX,1994,4.1
55109,ST CROIX,1995,3
55109,ST CROIX,1996,3
55109,ST CROIX,1997,3.1
55109,ST CROIX,1998,3.6
55109,ST CROIX,1999,3.4
55109,ST CROIX,2000,4.6
55109,ST CROIX,2001,2.9
55109,ST CROIX,2002,4.8
55109,ST CROIX,2003,3.6
55109,ST CROIX,2004,3.4
55109,ST CROIX,2005,2.8
55109,ST CROIX,2006,2
55121,TREMPEALEAU,1974,2
55121,TREMPEALEAU,1975,1.67
55121,TREMPEALEAU,1976,1
55121,TREMPEALEAU,1981,2
55121,TREMPEALEAU,1983,1.75
55121,TREMPEALEAU,1984,2.56
55121,TREMPEALEAU,1985,2.2
55121,TREMPEALEAU,1986,2.11
55121,TREMPEALEAU,1987,2.4
55121,TREMPEALEAU,1988,2.57
55121,TREMPEALEAU,1989,2.67
55121,TREMPEALEAU,1990,1.5
55121,TREMPEALEAU,1991,3
55121,TREMPEALEAU,1992,2
55121,TREMPEALEAU,1993,2.5
55121,TREMPEALEAU,1994,3
55123,VERNON,1974,2.25
55123,VERNON,1975,1.75
55123,VERNON,1976,1.67
55125,VILAS,1989,2.25
55125,VILAS,1990,3.5
55127,WALWORTH,1974,2.62
55127,WALWORTH,1975,2
55127,WALWORTH,1976,2
55127,WALWORTH,1977,2
55127,WALWORTH,1978,2.5
55127,WALWORTH,1979,2
55127,WALWORTH,1980,2.5
55127,WALWORTH,1985,1.25
55127,WALWORTH,1986,3
55127,WALWORTH,1987,2.6
55127,WALWORTH,1988,2.67
55127,WALWORTH,1989,3
55127,WALWORTH,1990,3
55127,WALWORTH,1991,3
55127,WALWORTH,1992,2.4
55127,WALWORTH,1993,2
55129,WASHBURN,1974,2.67
55129,WASHBURN,1975,1.5
55129,WASHBURN,1976,1.5
55129,WASHBURN,1977,2
55129,WASHBURN,1978,3
55129,WASHBURN,1987,3.38
55129,WASHBURN,1988,1.8
55129,WASHBURN,1989,2.67
55129,WASHBURN,1990,2
55129,WASHBURN,1991,3.5
55129,WASHBURN,1992,2.5
55129,WASHBURN,1993,3.6
55129,WASHBURN,1994,2.7
55129,WASHBURN,1996,4.4
55129,WASHBURN,1997,3.3
55129,WASHBURN,1998,3.1
55129,WASHBURN,1999,2.5
55129,WASHBURN,2000,2.3
55129,WASHBURN,2001,3.3
55131,WASHINGTON,1974,2.5
55131,WASHINGTON,1975,2
55131,WASHINGTON,1979,2
55131,WASHINGTON,1980,2.5
55131,WASHINGTON,1983,3
55131,WASHINGTON,1984,4
55131,WASHINGTON,1985,2.67
55131,WASHINGTON,1986,3.2
55131,WASHINGTON,1987,2.76
55131,WASHINGTON,1988,2
55131,WASHINGTON,1989,2.4
55131,WASHINGTON,1993,2.1
55131,WASHINGTON,1994,3.6
55133,WAUKESHA,1974,2.6
55133,WAUKESHA,1975,1.5
55133,WAUKESHA,1976,2.17
55133,WAUKESHA,1977,3
55133,WAUKESHA,1978,2.67
55133,WAUKESHA,1979,2.14
55133,WAUKESHA,1980,2.33
55133,WAUKESHA,1981,2.86
55133,WAUKESHA,1982,3.43
55133,WAUKESHA,1983,3
55133,WAUKESHA,1984,4
55133,WAUKESHA,1985,2
55133,WAUKESHA,1986,2
55133,WAUKESHA,1987,2
55135,WAUPACA,1974,2
55135,WAUPACA,1975,1.75
55135,WAUPACA,1976,1.58
55135,WAUPACA,1977,2.8
55135,WAUPACA,1978,2.35
55135,WAUPACA,1979,2.44
55135,WAUPACA,1980,3.22
55135,WAUPACA,1981,2.75
55135,WAUPACA,1982,3.57
55135,WAUPACA,1983,3.43
55135,WAUPACA,1984,3.33
55135,WAUPACA,1985,2.88
55135,WAUPACA,1986,3.43
55135,WAUPACA,1987,3.32
55135,WAUPACA,1988,2.75
55135,WAUPACA,1989,3.67
55135,WAUPACA,1990,3.25
55135,WAUPACA,1991,3.91
55135,WAUPACA,1992,3.5
55135,WAUPACA,1993,3.6
55135,WAUPACA,1994,4
55135,WAUPACA,1995,3.1
55137,WAUSHARA,1974,2.81
55137,WAUSHARA,1975,2.47
55137,WAUSHARA,1976,3.18
55137,WAUSHARA,1977,2.93
55137,WAUSHARA,1978,3.11
55137,WAUSHARA,1979,3.21
55137,WAUSHARA,1980,2.92
55137,WAUSHARA,1981,2.83
55137,WAUSHARA,1982,3.18
55137,WAUSHARA,1983,3.25
55137,WAUSHARA,1984,3.41
55137,WAUSHARA,1985,3.18
55137,WAUSHARA,1986,3.61
55137,WAUSHARA,1987,3.43
55137,WAUSHARA,1988,2.97
55137,WAUSHARA,1989,3.56
55137,WAUSHARA,1990,3.42
55137,WAUSHARA,1991,4.05
55137,WAUSHARA,1992,3.73
55137,WAUSHARA,1993,3.3
55137,WAUSHARA,1994,4
55137,WAUSHARA,1995,3.4
55137,WAUSHARA,1996,4.5
55137,WAUSHARA,1997,3.8
55137,WAUSHARA,1998,4.7
55137,WAUSHARA,1999,4.3
55137,WAUSHARA,2000,4.3
55137,WAUSHARA,2001,3.6
55137,WAUSHARA,2002,5
55137,WAUSHARA,2003,4.4
55137,WAUSHARA,2004,4.9
55137,WAUSHARA,2005,4.2
55137,WAUSHARA,2006,5.1
55137,WAUSHARA,2007,4.5
55139,WINNEBAGO,1974,3
55139,WINNEBAGO,1977,2
55139,WINNEBAGO,1978,2.38
55139,WINNEBAGO,1979,2.6
55139,WINNEBAGO,1980,2.5
55139,WINNEBAGO,1981,2.63
55139,WINNEBAGO,1982,2.75
55139,WINNEBAGO,1983,2.5
55139,WINNEBAGO,1984,2.5
55139,WINNEBAGO,1985,2.5
55139,WINNEBAGO,1986,2
55139,WINNEBAGO,1987,2
55139,WINNEBAGO,1988,2.5
55139,WINNEBAGO,1989,3
55139,WINNEBAGO,1990,3
55139,WINNEBAGO,1991,3
55139,WINNEBAGO,1992,2
55139,WINNEBAGO,1993,2
55139,WINNEBAGO,1994,3.2
55141,WOOD,1974,2
55141,WOOD,1975,1.73
55141,WOOD,1976,2.54
55141,WOOD,1977,2.5
55141,WOOD,1978,2.7
55141,WOOD,1979,2.67
55141,WOOD,1980,3.08
55141,WOOD,1981,2.18
55141,WOOD,1982,3.35
55141,WOOD,1983,3.22
55141,WOOD,1984,3.47
55141,WOOD,1985,3.18
55141,WOOD,1986,2.78
55141,WOOD,1987,2.54
55141,WOOD,1988,3.21
55141,WOOD,1989,3.17
55141,WOOD,1990,3
55141,WOOD,1991,3.83
55141,WOOD,1992,2.67
55141,WOOD,1993,3
55141,WOOD,1994,4
55141,WOOD,1995,3.4
